Description,earliest_invoicedate,latest_invoicedate,unique_invoice_months,sum_quantity
12 DAISY PEGS IN WOOD BOX,2009-12-02 10:00:00,2011-10-16 12:06:00,23,970
12 EGG HOUSE PAINTED WOOD,2009-12-01 11:41:00,2011-12-08 15:54:00,25,563
12 IVORY ROSE PEG PLACE SETTINGS,2009-12-03 16:54:00,2011-09-21 15:43:00,22,2798
12 PENCIL SMALL TUBE WOODLAND,2009-12-06 14:37:00,2011-12-09 10:03:00,22,10057
12 PENCILS SMALL TUBE SKULL,2009-12-01 12:47:00,2011-12-09 12:20:00,25,12899
12 PENCILS TALL TUBE POSY,2009-12-01 11:37:00,2011-10-17 12:50:00,23,5691
12 PENCILS TALL TUBE SKULLS,2009-12-01 11:37:00,2011-12-09 10:03:00,25,4899
12 PENCILS TALL TUBE WOODLAND,2009-12-01 12:47:00,2011-12-09 08:59:00,25,4703
12 RED ROSE PEG PLACE SETTINGS,2009-12-03 16:54:00,2011-12-08 19:28:00,25,1277
15CM CHRISTMAS GLASS BALL 20 LIGHTS,2009-12-01 07:45:00,2011-12-09 10:26:00,22,2657
200 BENDY SKULL STRAWS,2009-12-09 14:02:00,2011-12-06 14:23:00,25,1272
200 RED + WHITE BENDY STRAWS,2009-12-01 11:45:00,2011-12-08 09:20:00,25,2195
3 GARDENIA MORRIS BOXED CANDLES,2009-12-01 17:08:00,2011-11-23 09:34:00,23,851
3 HEARTS HANGING DECORATION RUSTIC,2009-12-03 17:46:00,2011-12-08 16:30:00,22,9344
3 HOOK PHOTO SHELF ANTIQUE WHITE,2009-12-01 14:19:00,2011-12-09 11:26:00,25,3046
3 ROSE MORRIS BOXED CANDLES,2009-12-04 09:43:00,2011-12-07 12:41:00,22,1302
3 STRIPEY MICE FELTCRAFT,2010-02-28 12:30:00,2011-12-09 10:03:00,23,6515
36 PENCILS TUBE SKULLS,2009-12-01 12:57:00,2011-12-09 10:03:00,25,4145
36 PENCILS TUBE WOODLAND,2009-12-01 12:47:00,2011-11-07 17:42:00,24,3780
3D DOG PICTURE PLAYING CARDS,2009-12-01 14:28:00,2011-12-09 10:26:00,24,1322
3D SHEET OF CAT STICKERS,2009-12-01 16:17:00,2011-11-02 13:50:00,24,1263
3D SHEET OF DOG STICKERS,2009-12-01 12:57:00,2011-12-09 10:03:00,25,1418
4 IVORY DINNER CANDLES SILVER FLOCK,2009-12-01 12:14:00,2011-12-09 10:20:00,25,1447
4 LAVENDER BOTANICAL DINNER CANDLES,2009-12-01 12:33:00,2011-12-09 10:03:00,24,1187
4 LILY  BOTANICAL DINNER CANDLES,2009-12-02 12:06:00,2011-11-21 15:18:00,23,854
4 PEAR BOTANICAL DINNER CANDLES,2009-12-08 16:20:00,2011-12-09 10:03:00,24,1164
4 VANILLA BOTANICAL CANDLES,2009-12-01 12:33:00,2011-12-08 13:50:00,24,1139
4 WILDFLOWER BOTANICAL CANDLES,2009-12-01 12:33:00,2011-11-14 17:40:00,23,704
6 CHOCOLATE LOVE HEART T-LIGHTS,2009-12-01 12:57:00,2011-12-09 12:25:00,25,2905
6 EGG HOUSE PAINTED WOOD,2009-12-01 14:14:00,2011-12-08 15:54:00,25,1032
6 RIBBONS ELEGANT CHRISTMAS ,2009-12-01 11:45:00,2011-12-09 12:20:00,24,3372
6 RIBBONS EMPIRE  ,2009-12-01 11:45:00,2011-12-09 10:20:00,25,2380
6 RIBBONS RUSTIC CHARM,2009-12-01 11:45:00,2011-12-09 12:09:00,25,17445
6 RIBBONS SHIMMERING PINKS ,2009-12-03 15:20:00,2011-12-09 12:09:00,25,2153
60 TEATIME FAIRY CAKE CASES,2009-12-01 10:46:00,2011-12-09 10:03:00,25,54366
72 SWEETHEART FAIRY CAKE CASES,2009-12-01 13:19:00,2011-12-08 15:31:00,25,35028
75 GREEN FAIRY CAKE CASES,2009-12-02 11:34:00,2011-12-05 14:40:00,25,2194
75 GREEN PETIT FOUR CASES,2009-12-03 18:13:00,2011-12-09 12:20:00,25,1549
ABSTRACT CIRCLE JOURNAL ,2009-12-01 17:28:00,2011-11-27 11:47:00,24,1046
ABSTRACT CIRCLES POCKET BOOK,2009-12-01 12:22:00,2011-12-07 13:53:00,24,5440
ABSTRACT CIRCLES SKETCHBOOK ,2009-12-02 14:43:00,2011-12-08 09:20:00,25,688
AGED GLASS SILVER T-LIGHT HOLDER,2009-12-01 11:37:00,2011-12-09 11:56:00,25,18254
AIRLINE BAG VINTAGE JET SET BROWN,2010-02-14 12:22:00,2011-12-08 16:30:00,23,613
AIRLINE BAG VINTAGE JET SET RED,2010-02-14 11:57:00,2011-12-09 10:26:00,23,1037
AIRLINE BAG VINTAGE JET SET WHITE,2010-02-14 12:22:00,2011-12-08 09:28:00,23,548
AIRLINE BAG VINTAGE TOKYO 78,2010-02-12 15:38:00,2011-12-09 10:26:00,23,1858
AIRLINE BAG VINTAGE WORLD CHAMPION ,2010-02-11 11:24:00,2011-12-09 10:03:00,23,611
"AIRLINE LOUNGE,METAL SIGN",2009-12-01 11:21:00,2011-12-09 10:03:00,25,1230
ALPHABET HEARTS STICKER SHEET,2009-12-02 14:43:00,2011-12-05 17:28:00,25,899
ALPHABET STENCIL CRAFT,2010-03-24 13:15:00,2011-12-08 13:50:00,22,3946
ANIMAL STICKERS,2010-03-10 12:13:00,2011-12-07 12:41:00,22,3497
ANT COPPER LIME BOUDICCA BRACELET,2009-12-02 14:43:00,2011-12-08 09:28:00,23,170
ANT WHITE WIRE HEART SPIRAL,2009-12-01 11:37:00,2011-12-07 10:35:00,25,1777
ANTIQUE ALL GLASS CANDLESTICK,2009-12-01 14:28:00,2011-12-09 12:00:00,25,2360
ANTIQUE CREAM CUTLERY SHELF ,2009-12-08 14:56:00,2011-11-22 14:43:00,22,117
ANTIQUE SILVER TEA GLASS ENGRAVED,2009-12-02 09:57:00,2011-12-09 08:59:00,25,16161
APPLE BATH SPONGE,2009-12-01 12:32:00,2011-12-09 10:26:00,25,3636
AREA PATROLLED METAL SIGN,2009-12-01 09:06:00,2011-12-09 10:03:00,24,7508
"ART LIGHTS,FUNK MONKEY",2009-12-01 14:19:00,2011-12-08 15:54:00,24,657
ASS FLORAL PRINT SPIRIT LEVEL ,2009-12-08 13:59:00,2011-12-07 12:41:00,23,163
ASSORTED CIRCULAR MOBILE,2009-12-14 15:17:00,2011-12-09 12:00:00,23,1244
ASSORTED COLOUR BIRD ORNAMENT,2009-12-01 09:06:00,2011-12-09 12:31:00,25,81298
ASSORTED COLOUR MINI CASES,2009-12-01 09:28:00,2011-12-09 09:38:00,25,3143
ASSORTED COLOUR T-LIGHT HOLDER,2009-12-01 13:47:00,2011-12-08 09:28:00,25,7969
ASSORTED COLOURS SILK FAN,2009-12-01 16:05:00,2011-12-09 10:03:00,25,43436
ASSORTED CREEPY CRAWLIES,2009-12-04 16:45:00,2011-11-23 13:39:00,24,7423
"ASSORTED FLOWER COLOUR ""LEIS""",2009-12-06 11:58:00,2011-12-06 15:43:00,25,24729
ASSORTED INCENSE PACK,2009-12-02 11:51:00,2011-12-05 12:30:00,22,12137
ASSORTED MONKEY SUCTION CUP HOOK,2010-02-07 14:58:00,2011-12-01 19:42:00,22,1169
ASSORTED TUTTI FRUTTI  FOB NOTEBOOK,2009-12-01 17:08:00,2011-12-08 13:50:00,24,2269
ASSORTED TUTTI FRUTTI BRACELET,2009-12-01 12:13:00,2011-12-09 10:03:00,23,3234
ASSORTED TUTTI FRUTTI HEART BOX,2009-12-03 13:09:00,2011-11-27 16:27:00,23,1078
ASSORTED TUTTI FRUTTI KEYRING BALL,2009-12-02 14:36:00,2011-09-16 13:32:00,22,1674
ASSORTED TUTTI FRUTTI MIRROR,2009-12-01 14:28:00,2011-11-15 14:32:00,24,1522
ASSORTED TUTTI FRUTTI NOTEBOOK,2009-12-01 11:45:00,2011-12-08 13:50:00,22,1040
ASSORTED TUTTI FRUTTI PEN,2009-12-01 14:28:00,2011-12-09 10:03:00,24,4159
ASSORTED TUTTI FRUTTI SMALL PURSE,2009-12-01 14:28:00,2011-12-09 10:03:00,24,2741
ASSTD DESIGN RACING CAR PEN,2009-12-01 14:28:00,2011-12-06 16:26:00,25,4073
BABUSHKA LIGHTS STRING OF 10,2010-03-08 12:44:00,2011-12-08 10:53:00,22,1720
BABY BOOM RIBBONS ,2009-12-02 11:34:00,2011-09-26 12:45:00,22,2115
BAG 125g SWIRLY MARBLES,2009-12-02 10:52:00,2011-12-09 10:03:00,25,14626
BAG 250g SWIRLY MARBLES,2009-12-01 14:28:00,2011-12-09 10:03:00,25,16602
BAKING SET 9 PIECE RETROSPOT ,2009-12-01 09:28:00,2011-12-09 12:50:00,25,8520
BAKING SET SPACEBOY DESIGN,2010-03-14 16:18:00,2011-12-09 09:38:00,22,4145
BALLOONS  WRITING SET ,2009-12-01 14:28:00,2011-12-09 11:34:00,25,2535
BANQUET BIRTHDAY  CARD  ,2009-12-01 09:46:00,2011-12-09 10:03:00,25,4054
BASKET OF FLOWERS SEWING KIT,2009-12-02 13:23:00,2011-12-09 10:03:00,25,1837
BASKET OF TOADSTOOLS,2009-12-01 12:52:00,2011-12-08 13:50:00,25,1881
BATHROOM METAL SIGN,2009-12-01 09:50:00,2011-12-09 10:26:00,25,13105
BEADED CRYSTAL HEART GREEN SMALL,2009-12-15 13:40:00,2011-12-05 17:17:00,23,254
BEADED CRYSTAL HEART PINK LARGE,2009-12-02 14:36:00,2011-12-07 14:12:00,25,795
BEADED CRYSTAL HEART PINK SMALL,2009-12-01 14:28:00,2011-12-05 17:17:00,24,799
BEWARE OF THE CAT METAL SIGN ,2009-12-01 14:28:00,2011-12-07 10:35:00,25,9399
BIG DOUGHNUT FRIDGE MAGNETS,2009-12-01 12:18:00,2011-12-07 13:46:00,25,6349
BINGO SET,2009-12-01 09:46:00,2011-12-05 11:58:00,25,3485
BIRD HOUSE HOT WATER BOTTLE,2009-12-01 12:22:00,2011-12-09 10:23:00,25,2744
BIRDCAGE DECORATION TEALIGHT HOLDER,2010-01-11 08:53:00,2011-12-09 10:10:00,24,947
BIRDHOUSE DECORATION MAGIC GARDEN,2009-12-17 17:16:00,2011-12-08 16:30:00,25,1860
BIRDHOUSE GARDEN MARKER ,2010-03-05 10:37:00,2011-12-09 10:03:00,22,2782
BIRDS MOBILE VINTAGE DESIGN,2009-12-01 10:46:00,2011-12-08 19:28:00,25,579
BIRTHDAY BANQUET GIFT WRAP,2009-12-04 08:40:00,2011-12-05 15:51:00,24,2815
BISCUITS SMALL BOWL LIGHT BLUE,2009-12-01 09:06:00,2011-09-18 12:21:00,22,1544
BLACK BAROQUE WALL CLOCK ,2009-12-22 09:52:00,2011-12-05 17:24:00,24,114
BLACK CANDELABRA T-LIGHT HOLDER,2009-12-01 14:28:00,2011-10-14 11:08:00,23,2010
BLACK ENAMEL FLOWER RING,2009-12-02 14:36:00,2011-12-09 10:03:00,24,143
BLACK HEART CARD HOLDER,2009-12-14 17:57:00,2011-12-08 18:43:00,24,12479
BLACK LOVE BIRD CANDLE,2009-12-02 14:36:00,2011-12-08 09:28:00,23,483
BLACK MINI TAPE MEASURE ,2009-12-02 14:43:00,2011-12-06 14:23:00,24,1545
BLACK PIRATE TREASURE CHEST,2010-01-25 12:33:00,2011-12-09 11:34:00,24,1068
BLACK RECORD COVER FRAME,2009-12-01 18:35:00,2011-12-09 12:00:00,25,19931
BLACK SILOUETTE CANDLE PLATE,2009-12-06 12:42:00,2011-12-08 12:54:00,23,502
BLACK SWEETHEART BRACELET,2009-12-01 10:44:00,2011-12-08 09:28:00,24,182
BLACK TEA TOWEL CLASSIC DESIGN,2010-03-07 14:31:00,2011-12-09 12:31:00,22,1305
"BLACK TEA,COFFEE,SUGAR JARS",2009-12-06 10:57:00,2011-12-04 15:19:00,25,451
BLACK VINTAGE EARRINGS,2009-12-02 14:43:00,2011-11-30 15:13:00,23,108
BLOSSOM IMAGES GIFT WRAP SET,2010-01-22 14:17:00,2011-12-08 12:43:00,22,994
BLUE  DIAMANTE PEN IN GIFT BOX,2009-12-10 09:49:00,2011-12-06 12:56:00,23,424
BLUE  TILE HOOK,2010-01-07 19:34:00,2011-12-06 16:26:00,22,195
BLUE BIRDHOUSE DECORATION,2009-12-13 12:04:00,2011-12-08 14:53:00,24,941
BLUE CALCULATOR RULER,2009-12-02 11:52:00,2011-12-09 10:03:00,25,1251
BLUE CHARLIE+LOLA PERSONAL DOORSIGN,2009-12-01 10:49:00,2011-12-06 12:12:00,24,1762
BLUE DINER WALL CLOCK,2009-12-01 17:31:00,2011-12-08 18:03:00,23,1413
BLUE EGG  SPOON,2009-12-03 07:57:00,2011-12-08 16:30:00,24,2326
BLUE FLY SWAT,2009-12-01 14:28:00,2011-12-05 17:17:00,24,509
BLUE HAPPY BIRTHDAY BUNTING,2009-12-02 13:06:00,2011-12-06 16:26:00,24,4642
BLUE HARMONICA IN BOX ,2009-12-01 14:50:00,2011-12-09 12:16:00,24,13167
BLUE JUICY FRUIT PHOTO FRAME,2009-12-08 09:35:00,2011-11-24 09:21:00,24,362
BLUE MURANO TWIST BRACELET,2009-12-09 12:57:00,2011-12-09 10:03:00,22,108
BLUE OWL SOFT TOY,2009-12-02 11:55:00,2011-10-31 11:10:00,23,1096
BLUE PAISLEY JOURNAL ,2009-12-01 11:51:00,2011-12-06 14:35:00,25,812
BLUE PAISLEY NOTEBOOK,2009-12-01 11:51:00,2011-09-12 13:43:00,22,3356
BLUE PAISLEY SKETCHBOOK,2009-12-01 14:28:00,2011-12-07 12:21:00,25,466
BLUE PAISLEY TISSUE BOX,2009-12-18 14:08:00,2011-12-08 12:07:00,22,964
BLUE PARTY BAGS ,2010-01-11 09:53:00,2011-12-02 16:04:00,24,3362
BLUE POLKADOT KIDS BAG,2009-12-01 14:28:00,2011-12-09 10:03:00,25,577
BLUE POT PLANT CANDLE ,2009-12-07 16:40:00,2011-12-09 10:03:00,24,649
BLUE PUDDING SPOON,2009-12-07 13:59:00,2011-12-08 16:30:00,25,1444
BLUE ROSE FABRIC MIRROR,2009-12-01 12:47:00,2011-12-08 16:30:00,24,1167
BLUE SCANDINAVIAN PAISLEY WRAP,2009-12-01 14:40:00,2011-11-24 17:06:00,24,3225
BLUE SCOTTIE DOG W FLOWER PATTERN,2009-12-14 17:57:00,2011-12-05 17:28:00,25,276
BLUE SPOT CERAMIC DRAWER KNOB,2009-12-01 10:49:00,2011-12-09 11:34:00,25,8925
BLUE STRIPE CERAMIC DRAWER KNOB,2009-12-01 10:49:00,2011-12-09 11:34:00,23,10657
BLUE VICTORIAN FABRIC OVAL BOX,2009-12-01 16:34:00,2011-12-09 10:03:00,25,1813
BOHEMIAN COLLAGE STATIONERY SET,2009-12-02 14:36:00,2011-12-08 16:30:00,23,1106
BOOM BOX SPEAKER BOYS,2009-12-01 14:28:00,2011-12-09 10:03:00,25,900
BOOM BOX SPEAKER GIRLS,2009-12-02 14:43:00,2011-12-09 10:03:00,23,606
BOOZE & WOMEN GREETING CARD ,2009-12-01 14:28:00,2011-12-05 17:28:00,24,993
BOTANICAL LAVENDER BIRTHDAY CARD,2009-12-01 09:46:00,2011-12-09 10:03:00,25,1125
BOTANICAL LILY GREETING CARD,2009-12-03 12:10:00,2011-11-25 10:20:00,23,980
BOTANICAL ROSE GIFT WRAP,2009-12-04 08:40:00,2011-11-17 10:01:00,23,2815
BOTTLE BAG RETROSPOT ,2010-01-26 11:33:00,2011-12-08 09:28:00,24,3563
BOUDOIR SQUARE TISSUE BOX,2009-12-03 16:12:00,2011-12-08 19:26:00,25,2821
BOX OF 24 COCKTAIL PARASOLS,2009-12-02 10:52:00,2011-12-09 12:31:00,25,19260
BOX OF 9 PEBBLE CANDLES,2009-12-01 14:28:00,2011-11-07 12:06:00,24,1787
BOYS ALPHABET IRON ON PATCHES,2009-12-01 10:46:00,2011-12-09 10:03:00,25,20223
BOYS VINTAGE TIN SEASIDE BUCKET,2009-12-13 13:31:00,2011-12-09 10:03:00,25,3740
BRIGHT BLUES RIBBONS ,2009-12-01 11:58:00,2011-09-28 15:50:00,22,2380
BROCADE RING PURSE ,2009-12-01 16:17:00,2011-12-08 16:30:00,25,70690
BROWN  PIRATE TREASURE CHEST ,2010-01-25 11:18:00,2011-12-09 11:20:00,24,927
BROWN CHECK CAT DOORSTOP ,2009-12-01 12:14:00,2011-11-22 11:18:00,24,1315
BUNNY WOODEN PAINTED WITH BIRD ,2009-12-03 10:20:00,2011-12-08 12:57:00,24,1694
BUNNY WOODEN PAINTED WITH FLOWER ,2009-12-04 16:12:00,2011-12-05 12:30:00,22,955
BUTTERFLIES STICKERS,2009-12-02 14:43:00,2011-12-09 10:03:00,24,1817
BUTTERFLY CROCHET FOOD COVER,2009-12-02 14:06:00,2011-11-29 13:06:00,23,670
Bank Charges,2010-03-07 12:02:00,2011-12-07 12:45:00,22,-40
CACTI T-LIGHT CANDLES,2009-12-01 13:47:00,2011-12-02 12:43:00,25,15291
CAKE PLATE LOVEBIRD PINK,2009-12-04 09:27:00,2011-12-06 16:26:00,25,727
CAKE PLATE LOVEBIRD WHITE,2009-12-01 11:45:00,2011-12-08 16:30:00,25,1494
CAKE STAND 3 TIER MAGIC GARDEN,2009-12-10 10:17:00,2011-11-23 16:34:00,24,1046
CAKE STAND LOVEBIRD 2 TIER PINK,2009-12-17 13:15:00,2011-12-08 12:50:00,25,895
CAKE STAND LOVEBIRD 2 TIER WHITE,2009-12-02 15:51:00,2011-12-09 10:20:00,24,695
CAKE STAND VICTORIAN FILIGREE SMALL,2009-12-02 16:49:00,2011-12-09 09:46:00,25,567
CAKE STAND WHITE TWO TIER LACE,2009-12-01 13:31:00,2011-12-09 10:20:00,25,1036
CAKES AND BOWS GIFT  TAPE,2009-12-02 12:32:00,2011-12-04 11:45:00,25,1455
CAKES AND RABBITS DESIGN FLANNEL ,2009-12-07 18:02:00,2011-12-08 09:20:00,24,593
CAMOUFLAGE LED TORCH,2009-12-01 11:45:00,2011-12-09 10:03:00,25,6373
CAMPHOR WOOD PORTOBELLO MUSHROOM,2010-03-03 15:28:00,2011-12-09 10:03:00,22,586
CANDLE PLATE LACE WHITE,2009-12-01 16:44:00,2011-12-06 14:23:00,25,549
CANDY HEART HANGING DECORATION,2009-12-08 12:33:00,2011-12-01 11:51:00,24,1542
CANDY SHOP  STICKER SHEET,2009-12-01 14:28:00,2011-12-02 16:39:00,22,1138
CANDY SPOT CUSHION COVER,2009-12-04 12:28:00,2011-10-07 15:09:00,22,419
CANDY SPOT EGG WARMER HARE,2009-12-07 18:02:00,2011-11-03 16:56:00,22,1360
CARAVAN SQUARE TISSUE BOX,2009-12-02 14:43:00,2011-12-09 10:26:00,25,2128
CARRIAGE,2009-12-03 18:13:00,2011-12-05 10:18:00,25,266
CARROT CHARLIE+LOLA COASTER SET,2009-12-01 09:24:00,2011-12-09 11:34:00,25,870
CARTOON  PENCIL SHARPENERS,2009-12-08 15:49:00,2011-12-09 10:03:00,23,4632
CERAMIC BOWL WITH LOVE HEART DESIGN,2009-12-01 14:19:00,2011-10-14 11:08:00,23,762
CERAMIC BOWL WITH STRAWBERRY DESIGN,2009-12-01 10:49:00,2011-12-08 10:39:00,25,2311
CERAMIC CAKE BOWL + HANGING CAKES,2009-12-01 10:49:00,2011-12-08 15:31:00,25,2403
CERAMIC CAKE DESIGN SPOTTED MUG,2009-12-01 14:19:00,2011-12-08 15:31:00,25,4574
CERAMIC CAKE DESIGN SPOTTED PLATE,2009-12-01 14:19:00,2011-12-08 09:28:00,25,2858
CERAMIC CAKE STAND + HANGING CAKES,2009-12-01 11:21:00,2011-12-07 14:34:00,25,2162
CERAMIC PLATE STRAWBERRY DESIGN,2009-12-03 14:39:00,2011-12-08 15:54:00,25,2999
CERAMIC STRAWBERRY TRINKET TRAY,2009-12-02 15:44:00,2011-12-06 16:26:00,25,430
CHARLIE & LOLA WASTEPAPER BIN BLUE,2009-12-01 09:24:00,2011-12-05 14:49:00,23,1503
CHARLIE & LOLA WASTEPAPER BIN FLORA,2009-12-01 09:24:00,2011-12-04 15:28:00,25,1740
CHARLIE + LOLA RED HOT WATER BOTTLE,2009-12-01 09:24:00,2011-12-09 11:20:00,25,3352
CHARLIE AND LOLA FIGURES TINS,2009-12-01 09:24:00,2011-09-02 09:38:00,22,2061
CHARLIE LOLA BLUE HOT WATER BOTTLE ,2009-12-01 09:24:00,2011-12-09 11:20:00,23,843
CHARLIE+LOLA MY ROOM DOOR SIGN,2009-12-01 13:29:00,2011-12-06 12:12:00,23,890
CHARLIE+LOLA PINK HOT WATER BOTTLE,2009-12-01 09:24:00,2011-12-09 11:20:00,25,3389
CHARLIE+LOLA RED HOT WATER BOTTLE ,2009-12-01 09:24:00,2011-12-09 11:20:00,24,1127
"CHARLIE+LOLA""EXTREMELY BUSY"" SIGN",2009-12-06 16:17:00,2011-12-09 11:34:00,23,1291
CHERRY BLOSSOM  DECORATIVE FLASK,2010-02-28 16:14:00,2011-12-01 16:22:00,23,803
CHERRY BLOSSOM LUGGAGE TAG,2009-12-02 14:43:00,2011-12-05 17:17:00,22,2006
CHERRY BLOSSOM PASSPORT COVER,2009-12-01 14:28:00,2011-12-08 20:01:00,25,287
CHERRY CROCHET FOOD COVER,2009-12-01 13:29:00,2011-12-09 10:03:00,25,1026
CHICK GREY HOT WATER BOTTLE,2009-12-01 10:59:00,2011-12-09 10:23:00,25,4752
CHILDS GARDEN FORK BLUE ,2010-03-25 14:12:00,2011-12-08 13:50:00,22,2231
CHILDS GARDEN FORK PINK,2010-03-25 14:12:00,2011-12-08 09:28:00,22,2178
CHILDS GARDEN RAKE PINK,2010-03-26 14:16:00,2011-12-06 13:20:00,22,815
CHILDS GARDEN SPADE BLUE,2010-03-28 11:30:00,2011-12-08 16:30:00,22,1092
CHILDS GARDEN SPADE PINK,2010-03-28 11:30:00,2011-12-06 14:23:00,22,1053
CHILLI LIGHTS,2009-12-01 14:56:00,2011-12-09 12:20:00,25,16695
CHINESE DRAGON PAPER LANTERNS,2009-12-01 17:45:00,2011-09-21 14:40:00,22,15694
CHOC TRUFFLE GOLD TRINKET POT ,2009-12-02 14:43:00,2011-12-08 19:24:00,25,1885
CHOCOLATE 3 WICK MORRIS BOX CANDLE,2009-12-06 12:14:00,2011-10-27 19:56:00,22,1005
CHOCOLATE BOX RIBBONS ,2009-12-01 12:33:00,2011-12-09 10:23:00,24,3972
CHOCOLATE CALCULATOR,2009-12-01 11:45:00,2011-12-09 10:03:00,25,3397
CHOCOLATE HOT WATER BOTTLE,2009-12-01 09:08:00,2011-12-09 11:26:00,25,11400
CHOCOLATE THIS WAY METAL SIGN,2009-12-01 11:37:00,2011-12-09 08:48:00,25,9833
CHRYSANTHEMUM  JOURNAL,2009-12-01 14:35:00,2011-12-06 12:56:00,23,623
CHRYSANTHEMUM NOTEBOOK,2009-12-01 11:51:00,2011-12-09 10:03:00,24,3666
CHRYSANTHEMUM POCKET BOOK ,2009-12-17 11:43:00,2011-12-07 13:53:00,23,5782
CHRYSANTHEMUM SKETCHBOOK ,2009-12-01 18:35:00,2011-12-05 17:17:00,25,447
CINAMMON SET OF 9 T-LIGHTS,2009-12-01 11:58:00,2011-12-08 13:50:00,25,2149
CINNAMON SCENTED VOTIVE CANDLE,2009-12-08 13:08:00,2011-12-06 15:43:00,23,2216
CITRONELLA CANDLE FLOWERPOT,2009-12-08 15:49:00,2011-12-06 16:26:00,25,2655
CITRONELLA CANDLE GARDEN POT,2009-12-07 12:08:00,2011-12-09 10:23:00,25,4254
CLAM SHELL SMALL ,2009-12-09 09:42:00,2011-12-08 15:31:00,25,361
CLASSIC FRENCH STYLE BASKET BROWN,2010-01-20 11:57:00,2011-12-01 16:22:00,22,353
CLASSIC METAL BIRDCAGE PLANT HOLDER,2009-12-02 09:57:00,2011-12-07 12:55:00,22,1723
COCKLE SHELL DISH,2009-12-01 13:31:00,2011-12-09 11:56:00,25,480
COFFEE MUG APPLES DESIGN,2009-12-01 11:45:00,2011-12-09 10:26:00,25,5313
COFFEE MUG BLUE PAISLEY DESIGN,2009-12-01 11:45:00,2011-12-09 10:26:00,24,2410
COFFEE MUG CAT + BIRD DESIGN,2009-12-01 10:59:00,2011-12-09 10:26:00,25,5075
COFFEE MUG DOG + BALL DESIGN,2009-12-01 10:59:00,2011-12-09 10:03:00,25,4166
COFFEE MUG PEARS  DESIGN,2009-12-01 11:45:00,2011-12-09 10:26:00,24,4896
COFFEE MUG PINK PAISLEY DESIGN,2009-12-01 11:45:00,2011-12-07 17:05:00,25,2282
COFFEE SCENT PILLAR CANDLE,2009-12-04 15:30:00,2011-12-08 16:30:00,25,588
COLOUR GLASS T-LIGHT HOLDER HANGING,2009-12-01 13:47:00,2011-12-09 10:03:00,25,40110
COLOUR GLASS. STAR T-LIGHT HOLDER,2009-12-01 11:21:00,2011-11-29 11:40:00,23,12191
COLOURING PENCILS BROWN TUBE,2009-12-01 11:45:00,2011-12-08 09:28:00,25,8741
COLUMBIAN CANDLE ROUND,2009-12-07 12:42:00,2011-12-08 16:30:00,25,1544
COOK WITH WINE METAL SIGN ,2009-12-01 11:45:00,2011-12-09 10:26:00,25,19569
COSMETIC BAG VINTAGE ROSE PAISLEY,2009-12-01 13:07:00,2011-12-09 10:03:00,25,1441
COSY HOUR CIGAR BOX MATCHES ,2009-12-01 11:57:00,2011-12-09 11:34:00,24,4070
COSY SLIPPER SHOES SMALL GREEN,2009-12-02 11:33:00,2011-12-09 10:03:00,22,510
COWBOYS AND INDIANS BIRTHDAY CARD ,2009-12-03 13:51:00,2011-12-09 10:03:00,25,8793
CRAZY DAISY HEART DECORATION,2009-12-04 09:43:00,2011-12-05 17:17:00,25,1609
CREAM CUPID HEARTS COAT HANGER,2009-12-01 16:34:00,2011-12-05 14:30:00,25,7160
CREAM HEART CARD HOLDER,2009-12-01 12:13:00,2011-12-08 18:43:00,24,18320
CREAM SLICE FLANNEL CHOCOLATE SPOT ,2009-12-02 12:13:00,2011-12-02 16:39:00,25,801
CREAM SLICE FLANNEL PINK SPOT ,2009-12-02 09:21:00,2011-12-06 16:26:00,25,2463
CREAM SWEETHEART MINI CHEST,2009-12-01 10:06:00,2011-12-09 10:45:00,25,3039
CRYSTAL SEA HORSE PHONE CHARM,2009-12-01 12:56:00,2011-12-08 16:58:00,23,263
CUPID DESIGN SCENTED CANDLES,2009-12-04 09:43:00,2011-12-08 20:01:00,24,710
CURIOUS IMAGES GIFT WRAP SET,2009-12-04 14:29:00,2011-12-09 10:03:00,23,882
CUTE CATS TAPE,2009-12-02 12:32:00,2011-12-08 10:53:00,25,1345
DAIRY MAID LARGE MILK JUG,2009-12-01 12:02:00,2011-12-07 11:42:00,25,930
DAIRY MAID STRIPE MUG,2009-12-09 09:42:00,2011-11-28 11:27:00,24,2476
DAIRY MAID TRADITIONAL TEAPOT ,2009-12-01 13:29:00,2011-12-09 10:03:00,25,878
DAISIES  HONEYCOMB GARLAND ,2009-12-06 15:24:00,2011-12-07 12:41:00,25,1560
DAISY GARDEN MARKER,2010-03-05 16:02:00,2011-12-08 16:30:00,22,1956
DAISY HAIR BAND,2009-12-07 18:02:00,2011-12-09 10:03:00,22,139
DAISY NOTEBOOK ,2009-12-06 13:29:00,2011-12-05 17:24:00,22,3611
DAISY SKETCHBOOK ,2009-12-07 11:19:00,2011-12-06 12:15:00,23,265
DANISH ROSE DECORATIVE PLATE,2010-02-08 13:56:00,2011-12-08 15:54:00,22,1016
DANISH ROSE DELUXE COASTER,2009-12-22 09:41:00,2011-12-08 15:54:00,23,1318
DANISH ROSE PHOTO FRAME,2009-12-02 14:21:00,2011-10-30 16:15:00,23,1683
DANISH ROSE ROUND SEWING BOX,2009-12-06 13:40:00,2011-12-09 09:07:00,23,910
DECORATION  BUTTERFLY  MAGIC GARDEN,2009-12-13 13:39:00,2011-12-08 16:30:00,25,1525
DECORATION  PINK CHICK MAGIC GARDEN,2009-12-02 14:43:00,2011-12-05 17:24:00,23,995
DECORATIVE CATS BATHROOM BOTTLE,2009-12-03 14:39:00,2011-12-09 10:03:00,25,1747
DECORATIVE FLORE BATHROOM BOTTLE,2009-12-02 14:43:00,2011-12-08 16:30:00,25,879
DECORATIVE ROSE BATHROOM BOTTLE,2009-12-01 14:28:00,2011-12-08 10:53:00,25,1640
DIAMANTE HAIR GRIP PACK/2 PERIDOT,2009-12-03 14:39:00,2011-12-09 10:03:00,22,59
"DIAMANTE HEART SHAPED WALL MIRROR, ",2009-12-01 14:44:00,2011-12-09 10:46:00,25,982
DINOSAUR HEIGHT CHART STICKER SET,2009-12-01 14:28:00,2011-11-30 15:13:00,24,599
DINOSAUR KEYRINGS ASSORTED,2009-12-01 11:45:00,2011-10-20 12:07:00,23,14980
DINOSAUR LUNCH BOX WITH CUTLERY,2010-03-31 17:29:00,2011-12-08 16:30:00,22,2415
DINOSAUR PARTY BAG + STICKER SET,2009-12-03 15:15:00,2011-12-07 12:48:00,25,2229
DINOSAURS  WRITING SET ,2009-12-01 09:24:00,2011-12-09 11:34:00,25,2106
DISCO BALL CHRISTMAS DECORATION,2009-12-02 11:18:00,2011-12-09 10:51:00,25,21913
DISCO BALL ROTATOR BATTERY OPERATED,2009-12-02 11:18:00,2011-12-01 14:38:00,25,539
DO NOT TOUCH MY STUFF DOOR HANGER ,2009-12-02 11:55:00,2011-10-28 12:34:00,23,2744
DOCTOR'S BAG SOFT TOY,2009-12-03 12:27:00,2011-12-08 09:28:00,25,477
DOG TOY WITH PINK CROCHET SKIRT,2009-12-03 16:09:00,2011-12-04 15:35:00,25,513
DOLLY HONEYCOMB GARLAND,2009-12-11 11:52:00,2011-11-17 11:02:00,22,806
DOLLY MIXTURE CHILDREN'S UMBRELLA,2009-12-01 16:26:00,2011-12-08 13:50:00,25,597
DOOR HANGER  MUM + DADS ROOM,2009-12-01 10:49:00,2011-12-09 08:48:00,25,974
DOORMAT AIRMAIL ,2010-01-04 16:11:00,2011-12-08 17:57:00,22,2078
DOORMAT HEARTS,2009-12-01 11:45:00,2011-12-08 19:29:00,22,6117
DOORMAT RESPECTABLE HOUSE,2010-01-04 16:11:00,2011-12-08 16:30:00,22,1976
DOORSTOP RETROSPOT HEART,2010-03-11 10:26:00,2011-12-08 16:30:00,22,2903
DOTCOM POSTAGE,2009-12-01 14:28:00,2011-12-09 10:26:00,25,1433
DOVE DECORATION PAINTED ZINC ,2009-12-01 13:07:00,2011-10-14 14:54:00,22,4713
EASTER CRAFT 4 CHICKS ,2009-12-02 11:24:00,2011-12-04 11:50:00,22,3195
EASTER DECORATION NATURAL CHICK,2009-12-02 15:04:00,2011-11-29 13:12:00,22,1853
EAU DE NILE HEART SHAPE PHOTO FRAME,2009-12-07 11:39:00,2011-12-08 09:28:00,24,571
EAU DE NILE JEWELLED PHOTOFRAME,2009-12-03 13:49:00,2011-12-05 12:46:00,23,437
ECONOMY LUGGAGE TAG,2009-12-01 14:28:00,2011-12-09 10:03:00,24,374
EDWARDIAN PARASOL BLACK,2009-12-01 11:50:00,2011-12-09 10:26:00,25,9559
EDWARDIAN PARASOL NATURAL,2009-12-01 11:50:00,2011-12-09 10:20:00,25,11395
EDWARDIAN PARASOL PINK,2009-12-01 16:17:00,2011-12-08 13:50:00,25,2266
EDWARDIAN PARASOL RED,2009-12-01 17:31:00,2011-12-09 10:26:00,25,6241
EGG CUP NATURAL CHICKEN,2009-12-02 14:43:00,2011-12-07 16:56:00,25,1499
EIGHT PIECE SNAKE  SET,2009-12-01 11:45:00,2011-12-09 10:03:00,25,1118
ELEPHANT CARNIVAL POUFFE,2009-12-04 14:13:00,2011-10-24 14:47:00,23,195
EMBOSSED GLASS TEALIGHT HOLDER,2010-03-08 12:40:00,2011-12-09 12:31:00,22,4808
EMERGENCY FIRST AID TIN ,2010-01-29 13:53:00,2011-12-08 09:28:00,24,2809
EMPIRE BIRTHDAY CARD,2009-12-01 17:28:00,2011-12-08 09:20:00,25,5100
EMPIRE DESIGN ROSETTE,2009-12-03 12:28:00,2011-11-08 12:58:00,22,4551
EMPIRE GIFT WRAP,2009-12-02 13:20:00,2011-12-05 17:09:00,25,8050
EMPIRE TISSUE BOX,2009-12-01 09:46:00,2011-12-09 10:03:00,25,3147
EMPIRE UNION JACK TV DINNER TRAY,2010-03-07 12:35:00,2011-12-09 09:07:00,22,1348
ENAMEL PINK COFFEE CONTAINER,2009-12-03 12:10:00,2011-10-30 13:06:00,23,1205
ENCHANTED BIRD COATHANGER 5 HOOK,2009-12-01 16:34:00,2011-12-08 14:38:00,25,2256
ENGLISH ROSE GARDEN SECATEURS,2009-12-01 12:13:00,2011-11-09 16:33:00,24,2651
ENGLISH ROSE NOTEBOOK A7 SIZE,2009-12-01 14:28:00,2011-12-08 15:03:00,25,5185
ENGLISH ROSE SMALL SCENTED FLOWER,2009-12-02 15:04:00,2011-12-08 09:28:00,23,324
ENGLISH ROSE SPIRIT LEVEL ,2009-12-03 14:39:00,2011-12-09 10:03:00,25,1027
ENVELOPE 50 BLOSSOM IMAGES,2009-12-02 14:43:00,2011-11-08 18:41:00,24,2239
ETCHED GLASS COASTER,2009-12-02 14:43:00,2011-10-26 14:42:00,23,2346
FAIRY CAKE BIRTHDAY CANDLE SET,2009-12-04 09:43:00,2011-12-08 13:25:00,25,1439
FAIRY CAKE DESIGN UMBRELLA,2009-12-03 13:32:00,2011-11-20 13:58:00,24,1433
FAIRY CAKE FLANNEL ASSORTED COLOUR,2009-12-01 14:28:00,2011-12-09 11:26:00,25,9946
FAIRY CAKES NOTEBOOK A6 SIZE,2009-12-01 14:19:00,2011-12-08 09:28:00,25,2617
FAIRY CAKES NOTEBOOK A7 SIZE,2009-12-01 14:19:00,2011-12-06 16:26:00,25,3502
FAIRY DREAMS INCENSE ,2009-12-02 16:02:00,2011-12-09 10:03:00,25,2798
FAMILY ALBUM WHITE PICTURE FRAME,2009-12-01 12:30:00,2011-12-08 16:30:00,24,2230
"FANCY FONT BIRTHDAY CARD, ",2009-12-01 14:28:00,2011-12-09 12:16:00,25,11242
FANCY FONTS BIRTHDAY WRAP,2009-12-01 14:40:00,2011-12-09 12:16:00,25,17625
FAWN BLUE HOT WATER BOTTLE,2009-12-01 10:52:00,2011-12-09 11:59:00,25,7755
"FEATHER PEN,COAL BLACK",2009-12-01 14:28:00,2011-12-08 19:28:00,25,4065
"FEATHER PEN,HOT PINK",2009-12-01 14:28:00,2011-12-09 10:03:00,25,6553
"FEATHER PEN,LIGHT PINK",2009-12-04 08:40:00,2011-12-09 10:03:00,24,3289
FELT EGG COSY BLUE RABBIT ,2009-12-02 14:43:00,2011-12-09 10:03:00,25,1560
FELT EGG COSY CHICKEN,2009-12-01 14:28:00,2011-12-06 12:59:00,25,2041
FELT EGG COSY LADYBIRD ,2009-12-06 11:13:00,2011-12-08 09:20:00,23,793
FELT EGG COSY WHITE RABBIT ,2009-12-01 14:28:00,2011-12-09 10:03:00,24,2115
FELT TOADSTOOL  SMALL,2009-12-01 11:50:00,2011-12-07 14:39:00,25,1173
FELT TOADSTOOL LARGE,2009-12-01 11:50:00,2011-12-07 14:39:00,25,1339
FELTCRAFT 6 FLOWER FRIENDS,2009-12-01 10:55:00,2011-11-10 18:46:00,24,12258
FELTCRAFT BUTTERFLY HEARTS,2009-12-01 12:13:00,2011-12-01 11:18:00,25,12271
FELTCRAFT CUSHION OWL,2010-03-10 09:30:00,2011-12-07 13:46:00,22,5336
FELTCRAFT DOLL EMILY,2009-12-01 09:08:00,2011-12-08 09:20:00,25,3760
FELTCRAFT DOLL MOLLY,2009-12-01 10:46:00,2011-12-09 10:03:00,25,5946
FELTCRAFT DOLL ROSIE,2009-12-01 09:08:00,2011-11-25 08:55:00,24,4662
FELTCRAFT HAIRBAND PINK AND BLUE,2010-03-10 09:30:00,2011-12-09 10:03:00,22,2078
FELTCRAFT HAIRBAND PINK AND PURPLE,2010-03-15 11:39:00,2011-12-09 10:03:00,22,2800
FELTCRAFT HAIRBAND RED AND BLUE,2010-03-10 13:26:00,2011-12-08 16:30:00,22,1984
FELTCRAFT HAIRBANDS PINK AND WHITE ,2010-03-16 14:01:00,2011-12-09 10:03:00,22,2056
FENG SHUI PILLAR CANDLE,2009-12-06 12:34:00,2011-12-09 08:48:00,25,6402
FILIGRIS HEART WITH BUTTERFLY,2009-12-02 13:57:00,2011-12-08 09:20:00,25,10950
FIRST AID TIN,2009-12-01 12:44:00,2011-12-08 13:50:00,25,3530
FIRST CLASS LUGGAGE TAG ,2009-12-01 14:28:00,2011-12-08 16:30:00,25,400
FIRST CLASS PASSPORT COVER ,2009-12-02 14:36:00,2011-12-08 16:30:00,23,499
FIVE CATS HANGING DECORATION,2009-12-04 14:35:00,2011-11-29 11:23:00,24,592
FIVE HEART HANGING DECORATION,2009-12-01 14:58:00,2011-12-05 17:28:00,25,1606
FLOOR CUSHION ELEPHANT CARNIVAL,2009-12-03 14:39:00,2011-12-07 12:19:00,24,162
FLORAL FOLK STATIONERY SET,2009-12-01 12:14:00,2011-12-09 10:03:00,24,2895
FLOWER VINE RAFFIA FOOD COVER,2009-12-01 11:21:00,2011-12-08 09:20:00,25,1112
FLOWERS  STICKERS,2009-12-02 13:20:00,2011-12-05 17:24:00,24,1212
FLYING PIG WATERING CAN,2009-12-08 15:49:00,2011-12-05 17:36:00,25,461
FOLKART HEART NAPKIN RINGS,2009-12-01 14:49:00,2011-11-15 17:00:00,23,621
FOLKART ZINC HEART CHRISTMAS DEC,2009-12-01 14:28:00,2011-12-08 17:54:00,25,11562
FOOD CONTAINER SET 3 LOVE HEART ,2009-12-01 12:32:00,2011-12-08 10:53:00,25,5301
FOUR HOOK  WHITE LOVEBIRDS,2009-12-01 11:41:00,2011-12-09 10:03:00,25,4074
FRENCH ENAMEL POT W LID,2009-12-01 13:29:00,2011-11-28 15:54:00,24,915
FRENCH ENAMEL WATER BASIN,2009-12-01 13:29:00,2011-12-09 10:03:00,25,692
FRENCH STYLE EMBOSSED HEART CABINET,2009-12-08 14:56:00,2011-11-23 15:44:00,22,54
FRYING PAN UNION FLAG,2009-12-01 12:14:00,2011-12-09 10:26:00,25,3102
FULL ENGLISH BREAKFAST PLATE,2009-12-01 09:06:00,2011-12-09 10:03:00,25,3358
FUNKY MONKEY GIFT BAG MEDIUM,2009-12-09 14:31:00,2011-12-08 16:22:00,24,1713
FUNKY WASHING UP GLOVES ASSORTED,2009-12-01 10:52:00,2011-12-04 12:32:00,25,2938
GAOLERS KEYS DECORATIVE GARDEN ,2009-12-01 13:31:00,2011-12-07 11:43:00,25,2718
GARDEN PATH JOURNAL,2009-12-02 11:31:00,2011-12-08 19:28:00,24,824
GARDEN PATH SKETCHBOOK,2009-12-04 13:22:00,2011-12-04 15:00:00,25,521
GARDENIA 1 WICK MORRIS BOXED CANDLE,2009-12-03 18:08:00,2011-11-16 10:23:00,24,638
GARDENIA 3 WICK MORRIS BOXED CANDLE,2009-12-02 11:52:00,2011-10-26 16:43:00,22,633
GARLAND WITH HEARTS AND BELLS,2009-12-01 12:14:00,2011-12-09 10:03:00,24,809
GARLAND WOODEN HAPPY EASTER,2010-01-11 09:35:00,2011-11-23 10:39:00,23,4256
GIN & TONIC DIET GREETING CARD ,2009-12-01 14:28:00,2011-12-08 17:12:00,25,7446
GIN + TONIC DIET METAL SIGN,2009-12-01 11:45:00,2011-11-30 17:22:00,24,18372
GIN AND TONIC MUG,2009-12-02 14:34:00,2011-12-09 10:26:00,25,6460
GINGHAM HEART  DOORSTOP RED,2009-12-01 09:24:00,2011-12-09 10:26:00,25,2123
GIRLS ALPHABET IRON ON PATCHES ,2009-12-01 10:46:00,2011-12-09 10:03:00,25,37709
GIRLS VINTAGE TIN SEASIDE BUCKET,2009-12-13 13:31:00,2011-12-08 13:50:00,25,3531
GLAMOROUS  MUG,2009-12-02 14:34:00,2011-12-09 08:48:00,25,5090
GLASS  BEURRE DISH,2009-12-01 14:49:00,2011-10-13 15:05:00,23,2172
GLASS HEART T-LIGHT HOLDER ,2009-12-01 13:29:00,2011-12-09 12:00:00,25,6731
GLASS JAR DAISY FRESH COTTON WOOL,2010-03-15 17:29:00,2011-12-09 10:03:00,22,1776
GLASS JAR DIGESTIVE BISCUITS,2010-03-15 17:29:00,2011-12-08 19:28:00,22,1956
GLASS JAR ENGLISH CONFECTIONERY,2010-03-15 09:28:00,2011-12-08 12:43:00,22,2348
GLASS JAR KINGS CHOICE,2010-03-16 08:23:00,2011-12-06 12:56:00,22,1216
GLASS JAR MARMALADE ,2010-03-15 13:06:00,2011-12-08 11:15:00,22,631
GLASS JAR PEACOCK BATH SALTS,2010-03-15 09:28:00,2011-12-09 10:03:00,22,719
GLASS SPHERE CANDLE STAND MEDIUM,2009-12-13 11:05:00,2011-12-06 10:27:00,22,357
GLASS STAR FROSTED T-LIGHT HOLDER,2009-12-01 12:13:00,2011-12-07 16:56:00,22,1240
GLITTER BUTTERFLY CLIPS,2009-12-01 11:41:00,2011-12-08 09:28:00,25,4451
GLITTER HANGING BUTTERFLY STRING,2009-12-01 12:14:00,2011-12-08 16:30:00,25,3755
GLITTER HEART GARLAND WITH BELLS ,2009-12-01 14:58:00,2011-12-05 16:05:00,22,806
GOLD EAR MUFF HEADPHONES,2009-12-04 09:43:00,2011-12-07 14:12:00,23,104
GOLD FISHING GNOME,2009-12-17 10:20:00,2011-12-07 15:56:00,24,129
GOLD MINI TAPE MEASURE ,2009-12-03 15:34:00,2011-12-09 10:03:00,24,1661
GOLD PHOTO FRAME,2009-12-01 16:34:00,2011-12-09 10:20:00,24,474
GRAND CHOCOLATECANDLE,2009-12-01 11:41:00,2011-12-09 10:03:00,25,20116
GRASS HOPPER WOODEN WALL CLOCK ,2009-12-07 14:58:00,2011-11-20 14:04:00,23,371
GREEN BIRDHOUSE DECORATION,2009-12-15 18:33:00,2011-12-08 15:54:00,25,978
GREEN ENAMEL FLOWER RING,2009-12-18 17:06:00,2011-12-09 10:03:00,24,134
GREEN ENAMEL+GLASS HAIR COMB,2009-12-09 09:42:00,2011-10-02 10:58:00,22,390
GREEN FERN JOURNAL ,2009-12-01 12:30:00,2011-12-06 15:43:00,25,771
GREEN FERN NOTEBOOK,2009-12-01 11:51:00,2011-10-04 16:33:00,23,3492
GREEN FERN SKETCHBOOK ,2009-12-04 14:14:00,2011-12-06 12:56:00,24,462
GREEN JUICY FRUIT PHOTO FRAME,2009-12-08 09:35:00,2011-10-23 12:46:00,22,446
GREEN ROSE WASHBAG,2009-12-01 11:37:00,2011-12-05 17:24:00,23,1149
GREEN SWEETHEART BRACELET,2009-12-01 10:44:00,2011-12-08 09:28:00,24,198
GREEN VINTAGE EARRINGS ,2009-12-01 11:37:00,2011-12-09 10:03:00,22,91
"GREETING CARD, OVERCROWDED POOL.",2009-12-01 14:28:00,2011-12-08 12:29:00,22,474
GROW YOUR OWN BASIL IN ENAMEL MUG,2010-03-23 11:13:00,2011-12-09 10:03:00,22,2716
GUMBALL COAT RACK,2010-03-04 14:45:00,2011-12-09 10:03:00,22,12004
HAIRCLIPS FORTIES FABRIC ASSORTED,2009-12-01 11:34:00,2011-12-09 10:46:00,25,2958
HAND OPEN SHAPE GOLD,2009-12-01 13:41:00,2011-12-07 17:17:00,23,749
HAND OVER THE CHOCOLATE   SIGN ,2009-12-01 11:37:00,2011-12-09 10:03:00,25,16544
HANGING BAUBLE T-LIGHT HOLDER SMALL,2009-12-03 15:15:00,2011-12-04 12:13:00,22,528
HANGING FAIRY CAKE DECORATION,2009-12-01 13:31:00,2011-12-08 09:28:00,25,1966
HANGING HEART JAR T-LIGHT HOLDER,2009-12-04 15:40:00,2011-12-09 11:58:00,25,21542
HANGING HEART ZINC T-LIGHT HOLDER,2009-12-01 09:08:00,2011-12-09 10:26:00,25,27106
HANGING JAM JAR T-LIGHT HOLDER,2009-12-02 10:00:00,2011-09-05 10:47:00,22,30440
HANGING METAL HEART LANTERN,2010-03-04 14:50:00,2011-12-09 11:56:00,22,7762
HANGING METAL STAR LANTERN,2010-03-04 14:45:00,2011-12-09 11:56:00,22,4541
HANGING PHOTO CLIP ROPE LADDER,2009-12-07 15:55:00,2011-12-09 10:03:00,25,1722
HANGING WOOD AND FELT BUTTERFLY ,2009-12-08 15:49:00,2011-12-05 15:59:00,25,1469
HANGING WOOD AND FELT FLOWER,2009-12-14 17:57:00,2011-12-07 15:07:00,25,2359
HANGING WOOD AND FELT HEART,2009-12-14 17:57:00,2011-11-29 13:12:00,24,1201
HAPPY STENCIL CRAFT,2010-03-24 13:15:00,2011-12-08 16:30:00,22,6009
HAWAIIAN GRASS SKIRT ,2010-01-07 16:46:00,2011-11-21 12:53:00,22,678
HEART CALCULATOR,2009-12-02 11:52:00,2011-12-09 10:03:00,25,2351
HEART DECORATION PAINTED ZINC ,2009-12-01 11:34:00,2011-12-08 09:28:00,25,8261
HEART DECORATION RUSTIC HANGING ,2009-12-07 18:02:00,2011-12-09 10:26:00,25,6754
HEART DECORATION WITH PEARLS ,2009-12-01 13:07:00,2011-12-09 10:03:00,25,6109
HEART FILIGREE DOVE  SMALL,2009-12-01 10:06:00,2011-12-08 16:30:00,25,17020
HEART FILIGREE DOVE LARGE,2009-12-01 09:06:00,2011-12-08 12:57:00,23,8680
HEART GARLAND RUSTIC PADDED,2009-12-01 13:29:00,2011-11-24 09:26:00,23,1249
HEART IVORY TRELLIS LARGE,2009-12-01 09:06:00,2011-12-08 09:20:00,24,9966
HEART IVORY TRELLIS SMALL,2009-12-01 13:29:00,2011-12-08 10:53:00,25,13706
HEART SHAPE WIRELESS DOORBELL,2009-12-01 14:28:00,2011-12-08 13:45:00,24,945
HEART STRING MEMO HOLDER HANGING,2009-12-01 09:57:00,2011-12-09 10:03:00,24,1209
HEARTS  STICKERS,2009-12-01 12:13:00,2011-12-09 10:03:00,25,2140
HEARTS GIFT TAPE,2009-12-04 09:43:00,2011-12-09 10:03:00,25,1579
HELLO SAILOR BLUE SOAP HOLDER,2009-12-08 14:56:00,2011-11-30 17:12:00,23,461
HEN HOUSE DECORATION,2009-12-03 10:20:00,2011-12-05 14:51:00,25,2482
HOLIDAY FUN LUDO,2010-03-25 13:41:00,2011-12-08 13:04:00,22,2003
HOME BUILDING BLOCK WORD,2009-12-01 09:06:00,2011-12-09 10:26:00,25,7808
HOME GARLAND PAINTED ZINC ,2009-12-02 13:51:00,2011-12-09 10:03:00,25,1775
HOME SWEET HOME METAL SIGN ,2009-12-01 14:28:00,2011-12-08 14:39:00,25,6036
HOME SWEET HOME MUG,2009-12-01 14:40:00,2011-12-09 10:20:00,25,13101
HOT BATHS METAL SIGN,2009-12-01 14:28:00,2011-12-09 10:23:00,25,12983
HOT BATHS SOAP HOLDER,2010-01-14 16:16:00,2011-12-01 19:42:00,24,1550
HOUSE SHAPE PENCIL SHARPENER,2009-12-06 11:13:00,2011-12-08 18:51:00,22,3310
HYACINTH BULB T-LIGHT CANDLES,2009-12-01 14:35:00,2011-12-06 16:26:00,25,4326
I'M ON HOLIDAY METAL SIGN,2010-01-29 11:59:00,2011-12-07 15:56:00,24,5243
IF YOU CAN'T STAND THE HEAT MUG,2009-12-02 14:34:00,2011-12-08 13:59:00,25,1988
IVORY ENCHANTED FOREST PLACEMAT,2009-12-01 14:28:00,2011-12-08 16:30:00,25,2130
IVORY HANGING DECORATION  BIRD,2009-12-03 16:21:00,2011-12-04 13:55:00,25,2274
IVORY HANGING DECORATION  HEART,2009-12-01 13:38:00,2011-12-08 09:28:00,24,10992
IVORY LOVE BIRD CANDLE,2009-12-08 15:12:00,2011-12-08 13:50:00,25,1272
IVORY PAPER CUP CAKE CASES ,2010-02-28 10:25:00,2011-12-08 09:20:00,23,3309
IVORY PILLAR CANDLE SILVER FLOCK,2009-12-01 13:41:00,2011-12-08 15:54:00,24,1253
JAZZ HEARTS ADDRESS BOOK,2009-12-02 14:36:00,2011-12-08 19:24:00,25,6329
JAZZ HEARTS PURSE NOTEBOOK,2009-12-01 12:57:00,2011-12-08 13:50:00,25,6224
JIGSAW RABBIT AND BIRDHOUSE,2009-12-09 13:49:00,2011-12-07 14:12:00,25,879
JIGSAW TOADSTOOLS 3 PIECE,2009-12-01 11:50:00,2011-12-07 14:12:00,25,1019
JIGSAW TREE WITH BIRDHOUSE,2009-12-01 17:19:00,2011-12-08 12:57:00,25,2061
JIGSAW TREE WITH WATERING CAN,2009-12-02 14:43:00,2011-12-04 15:19:00,25,1602
JOY WOODEN BLOCK LETTERS,2009-12-01 12:02:00,2011-12-09 08:39:00,23,821
JUMBO  BAG BAROQUE BLACK WHITE,2009-12-01 12:30:00,2011-12-09 12:19:00,25,30953
JUMBO BAG CHARLIE AND LOLA TOYS,2009-12-01 09:24:00,2011-09-08 13:53:00,22,4621
JUMBO BAG OWLS,2009-12-01 12:13:00,2011-12-09 12:19:00,23,20947
JUMBO BAG PINK VINTAGE PAISLEY,2009-12-01 09:57:00,2011-12-09 12:19:00,24,25682
JUMBO BAG SPACEBOY DESIGN,2010-01-29 13:46:00,2011-12-08 16:30:00,24,16801
JUMBO BAG STRAWBERRY,2009-12-01 13:38:00,2011-12-08 16:30:00,25,37054
JUMBO BAG TOYS ,2009-12-01 09:24:00,2011-12-01 16:22:00,25,12800
JUMBO BAG WOODLAND ANIMALS,2009-12-01 12:13:00,2011-12-09 10:26:00,25,17706
JUMBO SHOPPER VINTAGE RED PAISLEY,2010-01-29 13:52:00,2011-12-09 12:19:00,24,27291
JUMBO STORAGE BAG SKULLS,2009-12-01 10:59:00,2011-12-09 10:26:00,25,13651
JUMBO STORAGE BAG SUKI,2009-12-01 11:34:00,2011-12-09 12:19:00,25,29113
KENSINGTON COFFEE SET,2009-12-01 11:51:00,2011-11-28 13:06:00,23,1604
"KEY FOB , BACK DOOR ",2009-12-01 12:36:00,2011-12-09 10:03:00,25,6147
"KEY FOB , FRONT  DOOR ",2009-12-01 12:36:00,2011-12-09 10:03:00,25,5400
"KEY FOB , SHED",2009-12-01 12:36:00,2011-12-09 10:03:00,25,8467
KIDS RAIN MAC BLUE,2009-12-01 11:50:00,2011-12-06 11:39:00,25,3331
KIDS RAIN MAC PINK,2009-12-01 11:50:00,2011-12-02 16:39:00,25,2858
KINGS CHOICE BISCUIT TIN,2010-01-07 11:31:00,2011-12-09 10:26:00,24,2045
KINGS CHOICE GIANT TUBE MATCHES,2009-12-01 09:46:00,2011-11-07 11:16:00,23,2615
KINGS CHOICE MUG,2009-12-01 11:45:00,2011-12-09 09:08:00,25,6789
KINGS CHOICE TEA CADDY ,2010-01-06 13:56:00,2011-12-09 10:26:00,24,2633
KITCHEN METAL SIGN,2009-12-01 14:28:00,2011-12-08 09:28:00,25,5632
KITTENS DESIGN FLANNEL,2009-12-02 14:43:00,2011-12-08 19:57:00,23,1796
KITTY PENCIL ERASERS,2009-12-02 14:36:00,2011-12-08 11:43:00,25,2638
KNITTED UNION FLAG HOT WATER BOTTLE,2009-12-01 11:45:00,2011-12-09 11:26:00,25,7283
LADIES & GENTLEMEN METAL SIGN,2009-12-01 09:50:00,2011-12-09 10:26:00,23,8493
LADS ONLY TISSUE BOX,2009-12-02 09:47:00,2011-12-09 11:34:00,25,3272
LARGE  TALL CAMPHOR WOOD TOADSTOOL ,2009-12-06 11:58:00,2011-12-04 10:11:00,22,188
LARGE CAKE STAND  HANGING STRAWBERY,2009-12-02 13:57:00,2011-12-09 12:49:00,25,2074
LARGE CAKE TOWEL PINK SPOTS,2009-12-01 14:28:00,2011-11-25 15:23:00,23,1646
LARGE CAMPHOR WOOD FIELD MUSHROOM ,2009-12-01 12:13:00,2011-12-04 10:11:00,24,139
LARGE CHINESE STYLE SCISSOR,2009-12-03 16:49:00,2011-12-09 12:31:00,25,2338
LARGE CIRCULAR MIRROR MOBILE,2009-12-02 11:24:00,2011-12-07 15:07:00,24,13090
LARGE HANGING IVORY & RED WOOD BIRD,2009-12-01 14:40:00,2011-12-08 14:08:00,25,3518
LARGE HEART MEASURING SPOONS,2009-12-01 10:06:00,2011-12-09 10:26:00,25,5176
LARGE MEDINA STAMPED METAL BOWL ,2009-12-03 15:35:00,2011-12-04 13:00:00,25,575
LARGE ROUND WICKER PLATTER ,2009-12-01 16:17:00,2011-12-08 16:18:00,25,442
LARGE STRIPES CHOCOLATE GIFT BAG,2009-12-08 12:05:00,2011-12-08 09:28:00,25,1429
LARGE WHITE HONEYCOMB PAPER BELL  ,2009-12-01 14:28:00,2011-12-08 09:28:00,25,1544
LAUNDRY 15C METAL SIGN,2009-12-01 11:21:00,2011-12-08 16:30:00,25,5684
LAVENDER SCENTED FABRIC HEART,2009-12-01 12:47:00,2011-12-04 13:55:00,25,5723
LETS GO SHOPPING COTTON TOTE BAG,2009-12-01 12:36:00,2011-12-08 11:25:00,24,734
"LETTER ""A"" BLING KEY RING",2009-12-02 13:57:00,2011-12-08 13:43:00,23,213
"LETTER ""D"" BLING KEY RING",2009-12-03 12:40:00,2011-12-08 13:43:00,24,103
"LETTER ""E"" BLING KEY RING",2009-12-07 14:37:00,2011-12-08 13:50:00,22,142
"LETTER ""K"" BLING KEY RING",2009-12-07 12:32:00,2011-12-08 15:31:00,25,157
LETTER SHAPE PENCIL SHARPENER,2009-12-04 15:16:00,2011-12-07 12:41:00,23,4048
LILAC DIAMANTE PEN IN GIFT BOX,2009-12-02 14:43:00,2011-12-05 17:24:00,25,645
LOCAL CAFE MUG,2009-12-01 11:45:00,2011-12-09 10:20:00,25,1427
LOLITA  DESIGN  COTTON TOTE BAG,2009-12-01 12:13:00,2011-12-06 12:19:00,24,1027
LOVE BUILDING BLOCK WORD,2009-12-01 09:06:00,2011-12-09 12:00:00,25,5725
LOVE GARLAND PAINTED ZINC ,2009-12-02 13:51:00,2011-12-08 10:53:00,25,2287
LOVE HEART POCKET WARMER,2009-12-01 12:13:00,2011-12-08 15:31:00,23,4480
LOVE HEART SOCK HANGER,2009-12-01 14:55:00,2011-12-08 10:53:00,24,1997
LOVE HEART TRINKET POT,2009-12-04 14:35:00,2011-12-06 16:21:00,25,3447
LOVEBIRD HANGING DECORATION WHITE ,2009-12-01 09:57:00,2011-12-09 10:03:00,25,9811
LOVELY BONBON STICKER SHEET,2009-12-01 14:28:00,2011-12-05 17:28:00,25,942
LUNCH BAG  BLACK SKULL.,2009-12-01 12:13:00,2011-12-09 11:34:00,25,25915
LUNCH BAG CARS BLUE,2009-12-01 10:06:00,2011-12-09 10:26:00,25,23752
LUNCH BAG SPACEBOY DESIGN ,2010-02-01 17:13:00,2011-12-08 16:30:00,23,19561
LUNCH BAG WOODLAND,2009-12-01 10:06:00,2011-12-09 10:26:00,25,21326
LUNCH BOX WITH CUTLERY RETROSPOT ,2010-03-31 17:29:00,2011-12-09 10:26:00,22,5739
MAGIC DRAWING SLATE BAKE A CAKE ,2010-03-28 13:31:00,2011-12-08 13:50:00,22,4560
MAGIC DRAWING SLATE BUNNIES ,2010-03-25 13:43:00,2011-12-02 13:54:00,22,4061
MAGIC DRAWING SLATE CIRCUS PARADE  ,2010-03-31 11:58:00,2011-12-08 15:03:00,22,8122
MAGIC DRAWING SLATE DINOSAUR,2010-03-29 13:55:00,2011-12-05 12:16:00,22,5710
MAGIC DRAWING SLATE DOLLY GIRL ,2010-03-28 13:10:00,2011-12-08 16:29:00,22,10034
MAGIC DRAWING SLATE GO TO THE FAIR ,2010-03-28 13:31:00,2011-12-08 19:57:00,22,2374
MAGIC DRAWING SLATE LEAP FROG ,2010-03-28 13:38:00,2011-12-08 15:03:00,22,2823
MAGIC DRAWING SLATE PURDEY,2010-03-28 13:31:00,2011-12-08 16:29:00,22,9379
MAGIC DRAWING SLATE SPACEBOY ,2010-03-28 13:10:00,2011-12-08 13:50:00,22,12732
MAGIC SHEEP WOOL GROWING FROM PAPER,2009-12-01 11:45:00,2011-12-08 19:57:00,24,1721
MAGIC TREE -PAPER FLOWERS,2009-12-01 14:28:00,2011-12-08 15:31:00,25,1959
MAGNETS PACK OF 4 CHILDHOOD MEMORY,2010-03-26 13:46:00,2011-12-02 10:47:00,22,4068
MAGNETS PACK OF 4 HOME SWEET HOME,2010-03-30 12:27:00,2011-12-07 13:38:00,22,2448
MAGNETS PACK OF 4 RETRO PHOTO,2010-03-26 13:46:00,2011-12-09 10:03:00,22,1905
MAGNETS PACK OF 4 SWALLOWS,2010-03-26 14:32:00,2011-12-09 12:31:00,22,4238
MAGNETS PACK OF 4 VINTAGE COLLAGE,2010-03-26 13:46:00,2011-12-08 13:50:00,22,3436
MAGNETS PACK OF 4 VINTAGE LABELS ,2010-03-29 10:10:00,2011-12-07 12:17:00,22,1724
MAN FLU METAL SIGN,2009-12-03 14:39:00,2011-12-08 15:51:00,25,3460
MEDIUM MEDINA STAMPED METAL BOWL ,2009-12-02 14:36:00,2011-12-05 16:05:00,25,961
MEMO BOARD COTTAGE DESIGN,2010-03-10 14:50:00,2011-12-09 11:59:00,22,3807
MEMO BOARD RETROSPOT  DESIGN,2010-03-11 17:05:00,2011-12-09 10:26:00,22,5670
METAL 4 HOOK HANGER FRENCH CHATEAU,2009-12-01 14:28:00,2011-12-09 10:26:00,22,4996
METAL SIGN CUPCAKE SINGLE HOOK,2009-12-01 11:21:00,2011-12-06 14:23:00,25,1178
METAL SIGN EMPIRE TEA,2009-12-01 11:45:00,2011-12-08 15:31:00,25,2912
METAL SIGN HER DINNER IS SERVED ,2009-12-01 14:28:00,2011-12-06 17:23:00,25,1768
METAL SIGN HIS DINNER IS SERVED,2009-12-01 14:40:00,2011-12-09 10:03:00,25,817
METAL SIGN NEIGHBOURHOOD WITCH ,2010-01-29 14:37:00,2011-11-10 16:15:00,23,2415
METAL SIGN TAKE IT OR LEAVE IT ,2010-01-29 13:52:00,2011-12-08 13:47:00,24,6919
"METAL SIGN,CUPCAKE SINGLE HOOK",2009-12-01 14:28:00,2011-12-06 14:23:00,25,2199
MIDNIGHT BLUE VINTAGE EARRINGS,2009-12-03 14:39:00,2011-12-09 10:03:00,22,110
MIDNIGHT GLAMOUR SCARF KNITTING KIT,2009-12-02 12:06:00,2011-12-08 09:20:00,23,637
MILK PAN RED RETROSPOT,2009-12-01 12:02:00,2011-12-08 14:38:00,25,1401
MINI CAKE STAND  HANGING STRAWBERY,2009-12-01 14:19:00,2011-12-08 15:44:00,25,4894
MINI CAKE STAND WITH HANGING CAKES,2009-12-01 11:21:00,2011-12-06 17:49:00,24,3719
MINI FUNKY DESIGN TAPES,2009-12-01 14:28:00,2011-12-09 10:13:00,23,2151
MINI JIGSAW BUNNIES,2010-03-26 13:46:00,2011-12-09 10:46:00,22,3003
MINI JIGSAW CIRCUS PARADE ,2010-03-28 15:11:00,2011-12-09 10:03:00,22,6283
MINI JIGSAW DINOSAUR ,2010-03-26 14:45:00,2011-12-08 16:58:00,22,2039
MINI JIGSAW DOLLY GIRL,2010-03-26 11:21:00,2011-12-09 10:20:00,22,5746
MINI JIGSAW SPACEBOY,2010-03-25 16:25:00,2011-12-09 10:46:00,22,9454
MINI PAINTED GARDEN DECORATION ,2009-12-02 14:36:00,2011-12-07 12:55:00,24,2872
MINI WOODEN HAPPY BIRTHDAY GARLAND,2009-12-03 17:57:00,2011-12-06 11:58:00,25,4546
MINT GREEN ROSE TOWEL,2009-12-02 14:43:00,2011-12-02 13:22:00,23,441
MIRROR MOSAIC CANDLE PLATE,2009-12-08 12:12:00,2011-12-09 10:03:00,24,1191
MIRROR MOSAIC GOBLET CANDLE HOLDER,2009-12-07 11:46:00,2011-12-08 09:20:00,22,452
MIRROR MOSAIC HURRICANE LAMP ,2010-01-15 12:38:00,2011-12-09 10:03:00,24,394
MIRROR MOSAIC T-LIGHT HOLDER ,2009-12-01 12:22:00,2011-11-28 14:44:00,23,1130
MIRROR MOSAIC VOTIVE HOLDER,2009-12-01 18:07:00,2011-12-08 16:30:00,25,1609
MIRRORED DISCO BALL ,2009-12-01 13:19:00,2011-12-07 10:11:00,25,1302
MIRRORED DOVE WALL DECORATION,2009-12-03 14:39:00,2011-12-05 17:17:00,22,341
MIRRORED WALL ART PHOTO FRAMES,2009-12-10 10:47:00,2011-12-07 15:07:00,23,247
MIRRORED WALL ART POPPIES,2009-12-01 11:37:00,2011-12-08 19:24:00,23,404
MOBILE VINTAGE HEARTS ,2009-12-01 13:29:00,2011-11-29 13:37:00,24,656
MOCK LOBSTER FRIDGE MAGNET,2009-12-08 17:24:00,2011-12-07 16:47:00,23,539
MODERN FLORAL STATIONERY SET,2009-12-01 12:13:00,2011-12-09 11:34:00,25,2488
MONEY BOX BISCUITS DESIGN,2010-03-26 13:46:00,2011-12-06 12:56:00,22,1658
MONEY BOX HOUSEKEEPING DESIGN,2010-03-26 13:46:00,2011-12-08 15:54:00,22,1330
MONEY BOX KINGS CHOICE DESIGN,2010-03-26 13:46:00,2011-12-08 15:31:00,22,2437
MONEY BOX POCKET MONEY DESIGN,2010-03-26 13:46:00,2011-12-08 15:54:00,22,1637
MONSTERS STENCIL CRAFT,2010-03-24 13:15:00,2011-12-08 13:50:00,22,4013
MOODY BOY  DOOR HANGER ,2009-12-01 10:49:00,2011-12-09 08:48:00,25,2041
MOODY GIRL DOOR HANGER ,2009-12-02 13:33:00,2011-12-09 10:03:00,25,2516
MORE BUTTER METAL SIGN ,2009-12-06 12:07:00,2011-12-09 10:03:00,25,1622
MOROCCAN TEA GLASS,2009-12-01 12:32:00,2011-09-12 16:14:00,22,12043
MOTORING TISSUE BOX,2009-12-01 13:31:00,2011-12-06 16:21:00,25,2328
MOUSE TOY WITH PINK T-SHIRT,2009-12-01 13:07:00,2011-12-08 09:28:00,25,1082
MR ROBOT SOFT TOY,2009-12-06 11:27:00,2011-12-09 10:46:00,23,357
MRS ROBOT SOFT TOY,2009-12-07 13:35:00,2011-12-06 12:19:00,23,272
MULTI COLOUR SILVER T-LIGHT HOLDER,2009-12-04 09:27:00,2011-12-09 12:31:00,24,22506
MULTI HEARTS  STICKERS,2009-12-01 11:51:00,2011-12-07 13:35:00,24,1112
MULTICOLOUR 3D BALLS GARLAND,2009-12-02 10:52:00,2011-12-02 14:30:00,25,662
MULTICOLOUR HONEYCOMB FAN,2009-12-16 14:12:00,2011-12-09 10:51:00,25,1440
MULTICOLOUR HONEYCOMB PAPER GARLAND,2009-12-01 14:55:00,2011-12-09 10:03:00,25,1397
MULTICOLOUR SPRING FLOWER MUG,2009-12-01 14:44:00,2011-12-08 10:53:00,25,8684
NAMASTE SWAGAT INCENSE,2010-01-22 14:40:00,2011-12-05 12:59:00,24,4358
NATURAL SLATE CHALKBOARD LARGE ,2010-03-04 10:29:00,2011-12-09 10:26:00,22,4358
NATURAL SLATE HEART CHALKBOARD ,2010-03-04 10:29:00,2011-12-09 10:26:00,22,15659
NATURAL SLATE RECTANGLE CHALKBOARD,2010-03-05 11:31:00,2011-12-09 10:26:00,22,6905
NINJA RABBIT BLACK,2009-12-05 16:01:00,2011-12-08 16:30:00,24,324
NO JUNK MAIL METAL SIGN,2009-12-01 11:21:00,2011-09-12 16:23:00,22,4310
NO SINGING METAL SIGN,2009-12-01 11:41:00,2011-10-03 11:00:00,23,11640
"NURSERY A,B,C PAINTED LETTERS",2009-12-04 12:33:00,2011-12-09 10:20:00,24,418
OCEAN SCENT CANDLE IN JEWELLED BOX,2009-12-01 11:51:00,2011-11-04 18:11:00,24,1132
OFFICE MUG WARMER BLACK+SILVER ,2009-12-01 14:28:00,2011-12-06 16:33:00,25,2144
OFFICE MUG WARMER CHOC+BLUE,2009-12-02 14:36:00,2011-12-09 10:20:00,25,1159
OFFICE MUG WARMER PINK,2009-12-02 12:06:00,2011-12-09 10:20:00,24,771
OFFICE MUG WARMER POLKADOT,2009-12-01 14:28:00,2011-12-08 09:28:00,25,1294
OLD ROSE COMBO BEAD NECKLACE,2009-12-01 11:37:00,2011-12-09 10:03:00,24,127
ORANGE SCENTED SET/9 T-LIGHTS,2009-12-01 12:14:00,2011-10-12 16:36:00,23,1480
ORANGE VOTIVE CANDLE,2009-12-02 13:06:00,2011-12-02 12:52:00,23,1680
ORIGAMI LAVENDER INCENSE/CANDL SET ,2010-02-05 11:32:00,2011-12-08 12:50:00,22,862
OVERNIGHT BAG VINTAGE ROSE PAISLEY,2009-12-02 11:31:00,2011-12-09 10:26:00,25,1045
OWL DOORSTOP,2009-12-01 14:28:00,2011-12-05 17:24:00,25,1385
PACK 3 IRON ON DOG PATCHES,2009-12-02 14:43:00,2011-12-05 17:28:00,24,575
PACK 6 HEART/ICE-CREAM PATCHES,2009-12-03 07:25:00,2011-12-09 10:03:00,25,1058
PACK OF 12 BLUE PAISLEY TISSUES ,2009-12-02 11:51:00,2011-12-09 10:26:00,25,6203
PACK OF 12 HEARTS DESIGN TISSUES ,2009-12-01 11:58:00,2011-12-08 19:28:00,25,25600
PACK OF 12 PINK PAISLEY TISSUES ,2009-12-02 14:36:00,2011-12-09 10:03:00,25,25341
PACK OF 12 SKULL TISSUES,2009-12-01 12:20:00,2011-12-09 10:03:00,24,15917
PACK OF 12 STICKY BUNNIES,2009-12-09 09:51:00,2011-12-09 10:03:00,25,2171
PACK OF 12 SUKI TISSUES ,2009-12-07 18:02:00,2011-12-09 10:03:00,23,32790
PACK OF 12 WOODLAND TISSUES ,2009-12-02 11:45:00,2011-12-09 10:03:00,23,26441
PACK OF 20 SKULL PAPER NAPKINS,2009-12-01 09:08:00,2011-12-09 10:26:00,25,7960
PACK OF 6 BIRDY GIFT TAGS,2010-03-10 12:51:00,2011-12-09 12:16:00,22,17939
PACK OF 6 HANDBAG GIFT BOXES,2010-03-10 12:51:00,2011-12-08 16:30:00,22,1792
PACK OF 6 SANDCASTLE FLAGS ASSORTED,2010-03-25 14:12:00,2011-12-08 13:50:00,22,5175
PACK OF 6 SKULL PAPER CUPS,2009-12-01 09:08:00,2011-12-09 10:26:00,25,6137
PACK OF 6 SKULL PAPER PLATES,2009-12-06 13:07:00,2011-12-06 14:23:00,25,7279
PACK OF 6 SWEETIE GIFT BOXES,2010-03-10 12:51:00,2011-12-08 11:43:00,22,2466
PACK OF 60 DINOSAUR CAKE CASES,2009-12-01 13:43:00,2011-12-08 12:43:00,25,31456
PACK OF 60 MUSHROOM CAKE CASES,2009-12-01 11:50:00,2011-12-09 10:03:00,25,14763
PACK OF 60 PINK PAISLEY CAKE CASES,2009-12-01 10:46:00,2011-12-09 10:26:00,25,56575
PACK OF 60 SPACEBOY CAKE CASES,2010-01-31 15:47:00,2011-12-08 12:43:00,24,21527
PACK OF 72 SKULL CAKE CASES,2009-12-01 13:43:00,2011-12-09 10:03:00,25,40644
PAINTED LIGHTBULB RAINBOW DESIGN,2009-12-14 17:57:00,2011-12-08 09:28:00,24,313
PAINTED LIGHTBULB STAR+ MOON,2009-12-04 12:37:00,2011-12-08 09:28:00,24,360
PAINTED METAL PEARS ASSORTED,2009-12-01 11:45:00,2011-12-08 13:50:00,25,10427
PAINTED PINK RABBIT ,2010-01-11 09:37:00,2011-12-08 09:20:00,22,927
PAINTED YELLOW WOODEN DAISY,2010-01-28 09:09:00,2011-12-07 13:12:00,23,884
PAIR PADDED HANGERS PINK CHECK,2009-12-14 18:37:00,2011-10-26 12:14:00,22,245
PAISLEY PATTERN  STICKERS,2009-12-02 14:43:00,2011-12-09 10:03:00,24,582
PANDA AND BUNNIES STICKER SHEET,2009-12-01 13:29:00,2011-12-09 10:03:00,25,1036
PAPER BUNTING VINTAGE PAISLEY,2009-12-01 11:41:00,2011-12-05 09:03:00,25,3455
PAPER CHAIN KIT 50'S CHRISTMAS ,2009-12-01 10:06:00,2011-12-09 12:19:00,25,35985
PAPER CHAIN KIT EMPIRE,2009-12-02 13:23:00,2011-12-08 15:01:00,23,8768
PAPER CHAIN KIT SKULLS ,2009-12-01 12:30:00,2011-12-09 10:03:00,25,1961
PAPER POCKET TRAVELING FAN ,2009-12-01 14:28:00,2011-12-08 09:28:00,25,8818
PAPERWEIGHT CHILDHOOD MEMORIES,2010-03-26 13:46:00,2011-12-08 15:54:00,22,821
PAPERWEIGHT VINTAGE COLLAGE,2010-03-26 13:46:00,2011-12-08 16:58:00,22,789
PARTY BUNTING,2009-12-01 13:07:00,2011-12-09 10:23:00,25,28093
PARTY CONE CHRISTMAS DECORATION ,2009-12-01 09:08:00,2011-12-08 19:57:00,23,9645
PARTY CONES CANDY ASSORTED,2009-12-01 09:57:00,2011-12-06 14:19:00,25,3957
PARTY INVITES BALLOON GIRL,2009-12-08 13:58:00,2011-12-05 17:24:00,25,1288
PARTY INVITES DINOSAURS,2009-12-06 12:26:00,2011-12-08 09:28:00,25,1597
PARTY INVITES FOOTBALL,2009-12-08 16:43:00,2011-12-04 14:15:00,25,1421
PARTY INVITES JAZZ HEARTS,2009-12-01 10:59:00,2011-12-06 09:48:00,25,1488
PARTY INVITES SPACEMAN,2009-12-08 16:43:00,2011-12-02 13:20:00,25,1078
PARTY INVITES WOODLAND,2009-12-01 10:59:00,2011-12-08 09:28:00,25,2410
PARTY METAL SIGN ,2009-12-01 11:41:00,2011-12-09 10:03:00,24,7682
PARTY TIME PENCIL ERASERS,2009-12-01 16:17:00,2011-12-08 11:43:00,25,2525
PASTEL COLOUR HONEYCOMB FAN,2009-12-16 15:48:00,2011-12-09 11:34:00,25,1037
PEACE SMALL WOOD LETTERS,2009-12-01 09:08:00,2011-10-13 12:38:00,22,474
PEACE WOODEN BLOCK LETTERS,2010-03-01 13:51:00,2011-12-09 08:39:00,22,794
PEARL CRYSTAL PUMPKIN T-LIGHT HLDR,2009-12-10 14:46:00,2011-12-07 14:34:00,25,4040
PENCIL CASE LIFE IS BEAUTIFUL,2010-03-17 15:24:00,2011-12-08 14:39:00,22,1285
PENNY FARTHING BIRTHDAY CARD,2009-12-01 11:51:00,2011-12-09 10:03:00,25,6384
PENS ASSORTED FUNKY JEWELED ,2010-02-26 09:47:00,2011-12-09 10:03:00,22,5729
PENS ASSORTED FUNNY FACE,2010-02-25 09:16:00,2011-12-07 12:55:00,23,12721
PENS ASSORTED SPACEBALL,2010-02-23 14:16:00,2011-12-08 09:28:00,22,7021
PHARMACIE FIRST AID TIN,2009-12-06 16:07:00,2011-12-09 10:03:00,25,1779
PHOTO CLIP LINE,2009-12-18 11:18:00,2011-12-09 10:03:00,24,378
PHOTO CUBE,2009-12-01 12:13:00,2011-12-09 10:26:00,23,5401
PICTURE DOMINOES,2010-03-25 13:41:00,2011-12-09 12:16:00,22,6687
PICTURE FRAME WOOD TRIPLE PORTRAIT,2009-12-02 13:33:00,2011-12-09 10:03:00,24,2332
PIG KEYRING WITH LIGHT & SOUND ,2009-12-03 19:23:00,2011-12-09 10:46:00,25,3906
PING MICROWAVE APRON,2009-12-02 12:06:00,2011-12-09 10:03:00,25,637
PING! MICROWAVE PLATE,2009-12-01 14:28:00,2011-12-09 10:03:00,23,316
PINK  HEART CONFETTI IN TUBE,2009-12-07 15:02:00,2011-12-02 10:22:00,24,1257
PINK  HEART SHAPE LOVE BUCKET ,2009-12-03 12:31:00,2011-12-09 10:46:00,25,1957
PINK  HONEYCOMB PAPER FAN,2009-12-03 14:39:00,2011-12-09 11:34:00,24,571
PINK BLUE FELT CRAFT TRINKET BOX,2009-12-01 09:08:00,2011-12-09 10:03:00,25,18762
PINK BUTTERFLY HANDBAG W BOBBLES,2010-02-04 14:19:00,2011-12-09 10:03:00,22,248
PINK CREAM FELT CRAFT TRINKET BOX ,2009-12-01 10:59:00,2011-12-09 10:03:00,25,19264
PINK DIAMANTE PEN IN GIFT BOX,2009-12-02 14:43:00,2011-12-08 19:28:00,24,1622
PINK DOUGHNUT TRINKET POT ,2009-12-01 07:45:00,2011-12-09 10:03:00,25,6573
PINK ENAMEL+GLASS HAIR COMB,2009-12-01 10:44:00,2011-10-31 14:41:00,22,396
PINK FAIRY CAKE CUSHION COVER,2009-12-07 17:56:00,2011-12-01 13:08:00,25,1277
PINK FLORAL FELTCRAFT SHOULDER BAG,2009-12-01 10:59:00,2011-12-09 10:03:00,25,2544
PINK FLOWER CROCHET FOOD COVER,2009-12-01 13:29:00,2011-12-01 12:55:00,25,794
PINK FLOWER FABRIC PONY,2009-12-01 18:13:00,2011-12-08 12:07:00,22,208
PINK GLASS CANDLEHOLDER,2009-12-01 13:31:00,2011-11-09 16:14:00,23,290
PINK HAPPY BIRTHDAY BUNTING,2009-12-07 11:35:00,2011-12-09 10:03:00,25,5734
PINK HEART SHAPE EGG FRYING PAN,2009-12-01 12:30:00,2011-11-01 10:30:00,24,10462
PINK HORSE SOCK PUPPET,2009-12-01 14:28:00,2011-09-11 13:39:00,22,584
PINK JEWELLED PHOTO FRAME ,2009-12-02 13:00:00,2011-12-07 13:12:00,22,142
PINK LOVE BIRD CANDLE,2009-12-14 17:57:00,2011-11-29 12:07:00,24,521
PINK LOVE HEART SHAPE CUP,2009-12-01 14:28:00,2011-12-08 09:28:00,25,2496
PINK METAL CHICKEN HEART ,2009-12-01 14:28:00,2011-11-18 09:50:00,23,1176
PINK NEW BAROQUECANDLESTICK CANDLE,2009-12-03 20:03:00,2011-12-07 15:52:00,23,807
PINK OWL SOFT TOY,2009-12-02 11:55:00,2011-12-09 11:59:00,25,1745
PINK PADDED MOBILE,2009-12-03 12:27:00,2011-10-26 13:07:00,22,792
PINK PAISLEY ROSE GIFT WRAP,2009-12-04 08:40:00,2011-12-05 15:51:00,25,3275
PINK PAISLEY SQUARE TISSUE BOX ,2009-12-02 11:53:00,2011-12-08 14:39:00,24,1662
PINK PAPER PARASOL ,2009-12-07 11:46:00,2011-12-05 17:17:00,25,4967
PINK PARTY BAGS,2009-12-04 10:57:00,2011-12-02 16:04:00,24,5886
PINK POT PLANT CANDLE,2009-12-10 09:49:00,2011-12-08 16:30:00,23,317
PINK ROSE FABRIC MIRROR,2009-12-01 12:47:00,2011-12-06 12:21:00,23,1141
PINK ROSE WASHBAG,2009-12-03 13:42:00,2011-09-22 12:41:00,22,1099
PINK SCOTTIE DOG W FLOWER PATTERN,2009-12-01 14:28:00,2011-11-30 08:50:00,24,209
PINK SWEETHEART BRACELET,2009-12-01 10:44:00,2011-12-08 09:28:00,24,335
PINK UNION JACK  LUGGAGE TAG,2009-12-01 11:21:00,2011-12-08 20:01:00,25,1182
PINK UNION JACK  PASSPORT COVER ,2009-12-01 11:21:00,2011-12-08 12:07:00,25,902
PINK VINTAGE PAISLEY PICNIC BAG,2009-12-02 11:53:00,2011-12-08 16:30:00,25,4130
PINK/PURPLE RETRO RADIO,2009-12-09 09:42:00,2011-11-30 13:08:00,22,305
"PINK/WHITE ""KEEP CLEAN"" BULLET BIN",2009-12-04 09:43:00,2011-11-16 12:25:00,23,177
PIZZA PLATE IN BOX,2009-12-01 09:06:00,2011-12-09 10:03:00,25,1185
PLACE SETTING WHITE HEART,2009-12-01 13:07:00,2011-12-09 10:10:00,25,26982
PLACE SETTING WHITE STAR,2009-12-01 12:22:00,2011-12-05 12:16:00,23,6346
PLASTERS IN TIN CIRCUS PARADE ,2010-03-25 12:12:00,2011-12-09 12:50:00,22,13678
PLASTERS IN TIN SKULLS,2010-03-25 13:16:00,2011-12-09 10:26:00,22,7964
PLASTERS IN TIN SPACEBOY,2010-03-25 12:41:00,2011-12-09 10:13:00,22,15492
PLASTERS IN TIN STRONGMAN,2010-03-25 12:12:00,2011-12-09 12:50:00,22,11637
PLASTERS IN TIN VINTAGE PAISLEY ,2010-03-25 13:16:00,2011-12-09 10:26:00,22,10540
PLASTERS IN TIN WOODLAND ANIMALS,2010-03-25 12:43:00,2011-12-09 10:13:00,22,13695
PLEASE ONE PERSON METAL SIGN,2010-01-29 17:25:00,2011-12-09 10:26:00,22,23135
POCKET BAG BLUE PAISLEY RED SPOT,2009-12-02 11:53:00,2011-12-09 10:03:00,25,1411
POCKET BAG PINK PAISELY BROWN SPOT,2009-12-01 12:47:00,2011-12-09 10:03:00,25,884
POLKA DOT RAFFIA FOOD COVER,2009-12-01 14:35:00,2011-12-07 08:45:00,25,1123
POLYESTER FILLER PAD 30CMx30CM,2009-12-03 13:25:00,2011-12-04 12:17:00,22,251
POLYESTER FILLER PAD 40x40cm,2009-12-01 11:50:00,2011-12-08 15:29:00,25,3416
POLYESTER FILLER PAD 45x45cm,2009-12-01 14:59:00,2011-12-07 14:12:00,25,2516
POMPOM CURTAIN,2009-12-04 08:36:00,2011-12-09 10:46:00,24,745
PORCELAIN BUDAH INCENSE HOLDER,2009-12-14 15:57:00,2011-12-09 10:03:00,22,2659
PORCELAIN ROSE SMALL,2009-12-03 17:04:00,2011-12-01 09:44:00,25,3199
PORCELAIN T-LIGHT HOLDERS ASSORTED,2009-12-01 12:13:00,2011-12-06 17:23:00,24,2366
POSTAGE,2009-12-01 09:28:00,2011-12-09 12:50:00,25,5158
POTTERING IN THE SHED METAL SIGN,2009-12-01 11:45:00,2011-12-09 10:26:00,25,9809
POTTERING MUG,2009-12-01 11:21:00,2011-12-09 10:26:00,25,5643
POTTING SHED SEED ENVELOPES,2009-12-02 14:36:00,2011-12-08 13:50:00,25,1352
POTTING SHED TEA MUG,2009-12-01 11:45:00,2011-12-05 17:17:00,25,9048
POTTING SHED TWINE,2009-12-01 10:33:00,2011-12-06 09:09:00,25,2398
PURPLE ENAMEL FLOWER RING,2009-12-13 11:34:00,2011-12-09 10:03:00,22,126
PURPLE PAPER PARASOL,2009-12-01 14:28:00,2011-12-06 14:23:00,25,968
PURPLE SWEETHEART BRACELET,2009-12-01 10:44:00,2011-12-09 10:03:00,24,181
QUEEN OF SKIES LUGGAGE TAG,2009-12-01 12:13:00,2011-12-04 13:32:00,24,421
QUEEN OF THE SKIES PASSPORT COVER ,2009-12-01 14:28:00,2011-12-06 16:21:00,24,299
RABBIT  DESIGN  COTTON TOTE BAG,2009-12-01 12:36:00,2011-12-08 09:20:00,24,545
RAINBOW PEGS PHOTO CLIP STRING,2009-12-01 14:28:00,2011-12-08 09:28:00,23,435
RAINY LADIES BIRTHDAY CARD,2009-12-01 09:46:00,2011-12-09 10:03:00,25,5442
RATTLE SNAKE EGGS,2009-12-01 11:45:00,2011-12-09 10:03:00,24,1530
"RECORD FRAME 7"" SINGLE SIZE ",2009-12-01 07:45:00,2011-12-09 10:26:00,25,7819
RECTANGULAR SHAPED MIRROR,2009-12-09 09:51:00,2011-12-08 19:24:00,23,661
RECYCLED PENCIL WITH RABBIT ERASER,2009-12-01 11:58:00,2011-12-09 10:03:00,25,5810
RECYCLING BAG RETROSPOT ,2010-01-25 13:46:00,2011-12-09 10:26:00,24,16008
RED  EGG  SPOON,2009-12-03 07:57:00,2011-12-09 10:03:00,25,1697
RED  HARMONICA IN BOX ,2009-12-04 15:16:00,2011-12-07 15:07:00,23,37303
RED CHARLIE+LOLA PERSONAL DOORSIGN,2009-12-01 10:49:00,2011-12-08 09:47:00,24,2446
RED DAISY POCKET BOOK ,2009-12-07 11:19:00,2011-11-27 12:13:00,22,5375
RED DRAGONFLY HELICOPTER,2009-12-02 14:36:00,2011-12-08 17:37:00,23,177
RED ENAMEL FLOWER RING,2009-12-23 15:30:00,2011-12-09 10:03:00,22,113
RED ENCHANTED FOREST PLACEMAT,2009-12-01 14:56:00,2011-12-09 10:03:00,25,1409
RED FLOCK LOVE HEART PHOTO FRAME,2009-12-01 14:28:00,2011-12-09 12:25:00,23,1706
RED FLORAL FELTCRAFT SHOULDER BAG,2009-12-01 12:14:00,2011-12-08 16:30:00,25,3005
RED FLOWER CROCHET FOOD COVER,2009-12-01 13:29:00,2011-12-08 16:30:00,25,937
RED GINGHAM ROSE JEWELLERY BOX,2009-12-01 11:51:00,2011-12-08 16:30:00,23,6523
RED GINGHAM TEDDY BEAR ,2010-03-04 11:11:00,2011-12-08 16:30:00,22,1884
RED HANGING HEART T-LIGHT HOLDER,2009-12-01 10:06:00,2011-12-08 14:38:00,25,17575
RED HEART LUGGAGE TAG,2009-12-02 12:39:00,2011-12-09 10:26:00,23,824
RED HEART SHAPE LOVE BUCKET ,2009-12-02 14:43:00,2011-12-09 10:46:00,25,2783
RED LOVE HEART SHAPE CUP,2009-12-01 12:32:00,2011-12-08 13:50:00,25,3349
RED METAL BEACH SPADE ,2009-12-14 18:03:00,2011-12-09 10:03:00,25,3995
RED PAPER PARASOL,2009-12-01 14:28:00,2011-12-05 16:03:00,25,1589
RED PUDDING SPOON,2009-12-07 13:59:00,2011-12-08 16:30:00,22,1066
RED RETROSPOT CAKE STAND,2010-03-31 13:15:00,2011-12-09 10:26:00,22,4265
RED RETROSPOT PICNIC BAG,2010-03-31 17:31:00,2011-12-09 10:03:00,22,6578
RED RETROSPOT SMALL MILK JUG,2010-03-31 12:52:00,2011-12-08 19:20:00,22,5020
RED RETROSPOT SUGAR JAM BOWL,2010-03-31 13:15:00,2011-12-08 11:46:00,22,3191
RED SPOT CERAMIC DRAWER KNOB,2009-12-01 10:06:00,2011-12-09 10:23:00,23,9420
RED SPOTTY BISCUIT TIN,2009-12-01 13:20:00,2011-12-09 10:26:00,25,5223
RED STRIPE CERAMIC DRAWER KNOB,2009-12-01 10:49:00,2011-12-09 11:34:00,25,10377
RED TOADSTOOL LED NIGHT LIGHT,2009-12-01 09:28:00,2011-12-09 10:46:00,25,28725
RED VICTORIAN FABRIC OVAL BOX,2009-12-01 16:34:00,2011-12-09 10:03:00,25,1964
RED WOOLLY HOTTIE WHITE HEART.,2009-12-01 09:44:00,2011-12-09 10:26:00,25,11744
REGENCY CAKESTAND 3 TIER,2010-03-15 13:55:00,2011-12-09 10:23:00,22,26109
RETRO COFFEE MUGS ASSORTED,2009-12-01 09:08:00,2011-11-22 12:24:00,22,7443
RETRO LONGBOARD IRONING BOARD COVER,2009-12-02 15:41:00,2011-12-09 10:03:00,24,343
RETRO MOD TRAY,2009-12-07 17:56:00,2011-12-09 11:34:00,25,1439
RETRO PLASTIC 70'S TRAY,2009-12-02 12:32:00,2011-12-09 10:10:00,25,880
RETRO PLASTIC DAISY TRAY,2009-12-02 14:43:00,2011-12-09 11:34:00,25,777
RETRO PLASTIC ELEPHANT TRAY,2009-12-02 10:34:00,2011-12-08 10:14:00,25,1335
RETRO PLASTIC POLKA TRAY,2009-12-02 11:52:00,2011-12-09 11:34:00,25,1940
REX CASH+CARRY JUMBO SHOPPER,2009-12-01 11:57:00,2011-12-08 18:42:00,25,4212
RIBBON REEL FLORA + FAUNA ,2009-12-01 12:22:00,2011-12-09 12:16:00,25,1543
RIBBON REEL HEARTS DESIGN ,2009-12-01 12:22:00,2011-12-07 14:12:00,25,5019
RIBBON REEL LACE DESIGN ,2009-12-02 16:52:00,2011-12-09 08:59:00,23,4006
RIBBON REEL STRIPES DESIGN ,2009-12-01 11:41:00,2011-12-07 14:12:00,25,7504
RING OF ROSES BIRTHDAY CARD,2009-12-01 09:46:00,2011-12-09 10:03:00,25,3999
ROBOT BIRTHDAY CARD,2009-12-01 11:51:00,2011-12-09 10:03:00,24,7180
ROMANTIC IMAGES GIFT WRAP SET,2009-12-02 13:00:00,2011-12-08 12:43:00,22,1448
ROMANTIC PINKS RIBBONS ,2009-12-01 11:58:00,2011-12-09 10:03:00,24,3013
ROSE 1 WICK MORRIS BOXED CANDLE,2009-12-01 13:29:00,2011-11-23 13:46:00,23,705
ROSE 3 WICK MORRIS BOX CANDLE,2009-12-02 11:52:00,2011-11-27 14:40:00,22,1380
ROSE CARAVAN DOORSTOP,2009-12-01 12:32:00,2011-12-09 10:26:00,25,1261
ROSE DU SUD COSMETICS BAG,2009-12-03 13:42:00,2011-12-09 10:03:00,24,696
ROSE DU SUD OVEN GLOVE,2009-12-02 11:45:00,2011-10-14 13:54:00,22,332
ROSE DU SUD WASHBAG ,2009-12-16 12:17:00,2011-12-08 09:20:00,25,149
ROSE FOLKART HEART DECORATIONS,2009-12-01 12:47:00,2011-12-05 17:24:00,25,1986
ROSE SCENT CANDLE IN JEWELLED BOX,2009-12-02 09:47:00,2011-12-01 11:18:00,25,910
ROSE SCENT CANDLE JEWELLED DRAWER,2009-12-01 11:56:00,2011-11-06 11:55:00,22,729
ROTATING LEAVES T-LIGHT HOLDER,2009-12-01 14:28:00,2011-12-09 10:26:00,25,3928
ROTATING SILVER ANGELS T-LIGHT HLDR,2009-12-01 11:58:00,2011-12-09 12:19:00,24,13775
ROUND CONTAINER SET OF 5 RETROSPOT,2010-01-10 11:08:00,2011-12-09 10:03:00,24,5105
ROUND SNACK BOXES SET OF 4 FRUITS ,2010-01-10 12:13:00,2011-12-09 12:09:00,24,13851
ROUND SNACK BOXES SET OF 4 SKULLS,2010-01-10 12:13:00,2011-12-09 10:26:00,24,3083
ROUND SNACK BOXES SET OF4 WOODLAND ,2010-01-10 12:25:00,2011-12-09 12:09:00,24,15566
RUBY GLASS CLUSTER EARRINGS,2009-12-02 14:36:00,2011-12-05 17:24:00,22,92
S/12 VANILLA  BOTANICAL T-LIGHTS,2009-12-02 15:10:00,2011-10-27 13:33:00,22,636
S/4 BLACK MINI ROSE CANDLE IN BOWL,2009-12-03 14:39:00,2011-12-08 09:28:00,22,544
S/4 CACTI CANDLES,2009-12-01 13:47:00,2011-12-09 10:26:00,25,1393
S/4 IVORY MINI ROSE CANDLE IN BOWL,2009-12-02 11:34:00,2011-12-09 10:03:00,25,1658
S/4 PINK FLOWER CANDLES IN BOWL,2009-12-01 14:50:00,2011-12-09 10:03:00,25,2097
S/6 WOODEN SKITTLES IN COTTON BAG,2009-12-01 12:13:00,2011-12-09 10:26:00,25,3537
SANDALWOOD FAN,2009-12-03 12:02:00,2011-12-09 10:03:00,25,5092
SAVE THE PLANET COTTON TOTE BAG,2009-12-01 12:13:00,2011-12-08 16:30:00,25,2577
SAVE THE PLANET MUG,2009-12-01 07:45:00,2011-12-09 10:20:00,25,10891
SCANDINAVIAN 3 HEARTS NAPKIN RING,2009-12-03 12:28:00,2011-11-02 15:33:00,22,2283
SCANDINAVIAN PAISLEY PICNIC BAG,2009-12-02 11:53:00,2011-12-09 10:03:00,25,3855
SCANDINAVIAN REDS RIBBONS,2009-12-01 11:45:00,2011-12-09 12:20:00,25,6793
SCENTED VELVET LOUNGE CANDLE ,2009-12-04 15:26:00,2011-12-06 12:26:00,23,4134
SCOTTIE DOG HOT WATER BOTTLE,2009-12-01 09:06:00,2011-12-09 11:26:00,25,10001
SCOTTIES DESIGN WASHBAG,2009-12-01 16:26:00,2011-11-08 10:44:00,24,387
SET 12 KIDS  WHITE CHALK STICKS,2009-12-01 13:31:00,2011-12-08 15:03:00,25,8061
SET 12 KIDS COLOUR  CHALK STICKS,2009-12-01 12:13:00,2011-12-09 12:16:00,25,14704
SET 12 RETRO WHITE CHALK STICKS,2009-12-01 09:46:00,2011-12-09 12:31:00,25,10929
SET 6 FOOTBALL CELEBRATION CANDLES,2009-12-01 12:22:00,2011-12-09 10:26:00,25,2154
SET OF 12  VINTAGE POSTCARD SET,2009-12-01 14:28:00,2011-12-08 13:50:00,25,2925
SET OF 2 ROUND TINS CAMEMBERT ,2010-01-29 13:46:00,2011-12-09 10:46:00,24,950
SET OF 2 ROUND TINS DUTCH CHEESE,2010-01-29 13:46:00,2011-12-09 09:07:00,24,730
SET OF 2 TEA TOWELS PING MICROWAVE,2009-12-07 13:59:00,2011-12-09 10:03:00,24,303
SET OF 2 TINS JARDIN DE PROVENCE,2010-01-31 12:27:00,2011-12-09 11:20:00,24,589
SET OF 2 TINS VINTAGE BATHROOM ,2010-01-31 12:27:00,2011-12-05 14:19:00,24,942
SET OF 2 WOODEN MARKET CRATES,2010-03-05 11:31:00,2011-12-09 09:08:00,22,1096
SET OF 20 KIDS COOKIE CUTTERS,2009-12-01 12:13:00,2011-12-09 10:26:00,25,7848
SET OF 3 BIRD LIGHT PINK FEATHER ,2009-12-01 14:28:00,2011-12-09 11:20:00,25,2276
SET OF 3 BLACK FLYING DUCKS,2009-12-01 09:06:00,2011-12-09 11:34:00,25,1401
SET OF 3 BUTTERFLY COOKIE CUTTERS,2009-12-01 14:28:00,2011-12-09 11:34:00,25,10309
SET OF 3 GOLD FLYING DUCKS,2009-12-01 14:43:00,2011-12-07 17:17:00,23,355
SET OF 3 HEART COOKIE CUTTERS,2009-12-01 14:28:00,2011-12-09 10:03:00,25,11679
SET OF 36 DINOSAUR PAPER DOILIES,2009-12-02 13:57:00,2011-12-01 16:22:00,25,1054
SET OF 36 MUSHROOM PAPER DOILIES,2009-12-02 13:06:00,2011-11-28 11:18:00,23,1663
SET OF 36 PAISLEY FLOWER DOILIES,2009-12-02 14:36:00,2011-12-08 10:53:00,25,6919
SET OF 36 TEATIME PAPER DOILIES,2009-12-01 16:34:00,2011-12-05 14:40:00,25,8084
SET OF 4 ENGLISH ROSE COASTERS,2009-12-01 13:29:00,2011-12-09 08:48:00,25,2494
SET OF 4 ENGLISH ROSE PLACEMATS,2010-02-16 14:32:00,2011-12-09 10:26:00,23,1516
SET OF 4 FAIRY CAKE PLACEMATS,2010-02-18 14:43:00,2011-12-08 20:01:00,23,551
SET OF 4 GREEN CAROUSEL COASTERS,2010-01-11 09:37:00,2011-12-06 12:12:00,22,162
SET OF 4 PISTACHIO LOVEBIRD COASTER,2010-02-22 16:49:00,2011-12-05 17:28:00,23,493
SET OF 6 3D KIT CARDS FOR KIDS,2010-02-18 18:33:00,2011-12-09 10:03:00,23,2929
SET OF 6 CAKE CHOPSTICKS,2009-12-01 11:45:00,2011-12-07 10:35:00,25,2310
SET OF 6 FUNKY BEAKERS,2009-12-01 14:28:00,2011-12-09 10:26:00,25,955
SET OF 6 GIRLS CELEBRATION CANDLES,2009-12-01 12:22:00,2011-12-09 10:03:00,25,2329
SET OF 6 HEART CHOPSTICKS,2009-12-01 13:29:00,2011-12-09 10:03:00,25,1711
SET OF 6 STRAWBERRY CHOPSTICKS,2009-12-01 13:29:00,2011-12-09 10:03:00,25,2630
SET OF 72 PINK HEART PAPER DOILIES,2009-12-01 09:57:00,2011-12-08 10:53:00,25,8340
SET OF 72 SKULL PAPER  DOILIES,2009-12-02 13:57:00,2011-11-28 13:26:00,24,2410
SET OF PICTURE FRAME  STICKERS,2009-12-02 12:06:00,2011-12-08 20:01:00,25,343
SET OF SKULL WALL STICKERS,2009-12-03 14:39:00,2011-11-30 15:13:00,22,404
SET/12 TAPER CANDLES,2009-12-01 14:28:00,2011-12-08 19:24:00,25,1248
SET/20 STRAWBERRY PAPER NAPKINS ,2009-12-02 11:34:00,2011-10-13 14:33:00,23,7240
SET/3 DECOUPAGE STACKING TINS,2009-12-01 11:41:00,2011-12-08 09:28:00,23,712
SET/3 OCEAN SCENT CANDLE JEWEL BOX,2009-12-01 13:47:00,2011-11-24 09:26:00,24,1091
SET/3 ROSE CANDLE IN JEWELLED BOX,2009-12-01 14:28:00,2011-11-25 15:23:00,24,964
SET/3 VANILLA SCENTED CANDLE IN BOX,2009-12-01 14:28:00,2011-12-01 09:34:00,25,1932
SET/4 BADGES BALLOON GIRL,2009-12-04 09:43:00,2011-12-08 09:20:00,25,1028
SET/4 BADGES BEETLES,2009-12-07 13:59:00,2011-12-09 11:34:00,25,629
SET/4 BADGES CUTE CREATURES,2009-12-01 16:17:00,2011-12-08 09:20:00,25,557
SET/4 BADGES DOGS,2009-12-02 14:36:00,2011-12-09 11:34:00,25,684
SET/4 BIRD MIRROR MAGNETS ,2009-12-03 14:39:00,2011-12-04 15:19:00,23,706
SET/4 COLOURFUL MIXING BOWLS,2009-12-14 11:48:00,2011-12-02 13:49:00,23,117
SET/4 RED MINI ROSE CANDLE IN BOWL,2009-12-01 14:28:00,2011-12-09 10:03:00,25,1530
SET/4 SKULL BADGES,2009-12-03 17:46:00,2011-12-09 11:34:00,25,2197
SET/4 WHITE RETRO STORAGE CUBES ,2009-12-02 11:26:00,2011-12-08 09:20:00,25,982
SET/6 COLLAGE PAPER CUPS,2009-12-06 13:48:00,2011-12-07 12:41:00,24,2905
SET/6 COLLAGE PAPER PLATES,2009-12-16 12:11:00,2011-12-07 12:41:00,24,3083
SET/6 EAU DE NIL BIRD T-LIGHTS,2009-12-02 11:34:00,2011-12-09 10:03:00,25,548
SET/6 FROG PRINCE T-LIGHT CANDLES,2009-12-03 13:03:00,2011-12-09 10:46:00,25,1016
SET/6 FRUIT SALAD PAPER CUPS,2009-12-15 17:02:00,2011-12-08 16:30:00,22,9475
SET/6 PINK  BUTTERFLY T-LIGHTS,2009-12-03 10:17:00,2011-12-07 13:53:00,25,5694
SET/6 PINK BIRD T-LIGHT CANDLES,2009-12-01 12:13:00,2011-12-08 16:30:00,25,720
SET/6 PURPLE BUTTERFLY T-LIGHTS,2009-12-01 14:19:00,2011-12-09 10:26:00,25,2231
SET/6 RED SPOTTY PAPER CUPS,2009-12-01 11:45:00,2011-12-06 14:22:00,24,16111
SET/6 RED SPOTTY PAPER PLATES,2009-12-01 11:45:00,2011-12-08 09:20:00,25,19399
SET/6 TURQUOISE BUTTERFLY T-LIGHTS,2009-12-02 15:10:00,2011-12-08 16:14:00,25,3768
SET3 BOOK BOX GREEN GINGHAM FLOWER ,2009-12-01 09:46:00,2011-12-06 14:35:00,22,2897
SEWING BOX RETROSPOT DESIGN ,2010-03-10 14:50:00,2011-12-08 18:03:00,22,375
SEWING SUSAN 21 NEEDLE SET,2009-12-01 13:31:00,2011-12-08 16:30:00,25,2760
SHOE SHINE BOX ,2009-12-01 11:41:00,2011-09-01 13:40:00,22,295
SILVER DIAMANTE PEN IN GIFT BOX,2009-12-02 16:02:00,2011-12-04 14:45:00,23,564
SILVER FISHING GNOME ,2009-12-02 14:36:00,2011-11-29 11:48:00,22,122
SILVER GLITTER FLOWER VOTIVE HOLDER,2009-12-02 12:32:00,2011-12-08 19:24:00,22,2787
SILVER HANGING T-LIGHT HOLDER,2009-12-01 11:37:00,2011-12-08 14:14:00,25,11761
SILVER JEWELLED MIRROR TRINKET TRAY,2009-12-07 15:42:00,2011-12-08 15:31:00,22,130
SILVER M.O.P ORBIT BRACELET,2009-12-02 14:43:00,2011-12-05 17:24:00,23,70
SILVER PLATE CANDLE BOWL SMALL,2009-12-01 14:28:00,2011-11-30 09:53:00,23,961
SILVER VANILLA  FLOWER CANDLE POT,2009-12-07 11:05:00,2011-12-06 12:45:00,22,344
SINGLE HEART ZINC T-LIGHT HOLDER,2009-12-01 13:47:00,2011-12-09 08:59:00,25,17848
SKULL AND CROSSBONES  GARLAND ,2009-12-03 14:39:00,2011-12-05 17:24:00,25,3129
SKULL DESIGN TV DINNER TRAY,2010-03-05 14:30:00,2011-12-08 17:54:00,22,775
SKULL SHOULDER BAG,2009-12-01 12:13:00,2011-12-09 10:26:00,25,4587
SKULLS  DESIGN  COTTON TOTE BAG,2009-12-01 12:13:00,2011-12-08 10:53:00,25,1168
SKULLS  STICKERS,2009-12-01 14:28:00,2011-12-07 13:53:00,25,4055
SKULLS  WATER TRANSFER TATTOOS ,2009-12-01 11:51:00,2011-12-09 10:03:00,25,6107
SKULLS DESIGN FLANNEL,2009-12-01 14:28:00,2011-12-09 10:26:00,24,1665
SKULLS GREETING CARD,2009-12-02 09:57:00,2011-12-07 13:46:00,25,5009
SKULLS PARTY BAG + STICKER SET,2009-12-03 12:28:00,2011-12-05 09:03:00,25,3720
SKULLS SQUARE TISSUE BOX,2009-12-02 14:43:00,2011-12-06 09:31:00,23,1021
SKULLS STORAGE BOX LARGE,2009-12-02 12:13:00,2011-12-06 16:34:00,23,474
SKULLS STORAGE BOX SMALL,2009-12-03 12:28:00,2011-12-06 16:34:00,24,501
SKULLS TAPE,2009-12-02 12:32:00,2011-11-28 13:26:00,22,1064
SKULLS WRITING SET ,2009-12-02 12:13:00,2011-12-09 10:26:00,25,1967
SLATE TILE NATURAL HANGING,2009-12-01 12:13:00,2011-12-09 11:26:00,25,3964
SLEEPING CAT ERASERS,2009-12-01 12:18:00,2011-12-09 10:03:00,25,10847
SMALL CAMPHOR WOOD FIELD  MUSHROOM,2009-12-01 12:13:00,2011-12-08 09:28:00,24,503
SMALL CHINESE STYLE SCISSOR,2009-12-03 16:49:00,2011-12-09 08:48:00,24,30370
SMALL CHOCOLATES PINK BOWL,2009-12-01 14:19:00,2011-12-08 15:31:00,25,2238
SMALL DOLLY MIX DESIGN ORANGE BOWL,2009-12-01 14:19:00,2011-12-09 10:03:00,25,6266
SMALL GLASS HEART TRINKET POT,2009-12-01 13:29:00,2011-12-09 12:00:00,25,10427
SMALL GLASS SUNDAE DISH CLEAR,2009-12-16 17:58:00,2011-12-05 16:34:00,25,1019
SMALL HAMMERED SILVER CANDLEPOT ,2009-12-03 11:19:00,2011-12-06 12:45:00,25,949
SMALL HANGING IVORY/RED WOOD BIRD,2009-12-01 14:28:00,2011-12-09 10:03:00,25,6132
SMALL HEART FLOWERS HOOK ,2009-12-02 14:36:00,2011-12-09 11:56:00,25,6640
SMALL HEART MEASURING SPOONS,2009-12-01 12:30:00,2011-12-09 10:26:00,25,6653
SMALL MARSHMALLOWS PINK BOWL,2009-12-01 09:06:00,2011-12-09 10:03:00,25,4746
SMALL MEDINA STAMPED METAL BOWL ,2009-12-01 13:29:00,2011-12-09 12:31:00,25,1734
SMALL REGAL  SILVER CANDLEPOT ,2009-12-01 14:28:00,2011-12-05 14:03:00,22,580
SMALL SILVER FLOWER CANDLE POT,2009-12-02 14:50:00,2011-12-08 09:28:00,25,653
SMALL SILVER TRELLIS CANDLEPOT,2009-12-03 11:19:00,2011-11-23 14:35:00,24,768
SMALL SKULL WINDMILL,2009-12-01 12:13:00,2011-11-30 14:00:00,23,1924
SMALL SQUARE CUT GLASS CANDLESTICK,2009-12-01 14:50:00,2011-12-08 14:08:00,23,287
SMALL TALL CAMPHOR WOOD TOADSTOOL,2009-12-07 17:56:00,2011-12-09 10:03:00,24,561
SMALL WHITE RETROSPOT MUG IN BOX ,2010-03-31 13:40:00,2011-12-09 10:03:00,22,878
SNOWSTORM PHOTO FRAME FRIDGE MAGNET,2009-12-02 10:00:00,2011-11-29 14:20:00,24,1525
SOFT PINK ROSE TOWEL ,2009-12-09 09:42:00,2011-11-07 16:16:00,22,629
SOMBRERO ,2009-12-02 15:51:00,2011-12-06 16:33:00,25,9570
SPACEBOY BIRTHDAY CARD,2010-01-14 16:24:00,2011-12-09 10:03:00,24,17000
SPACEBOY GIFT WRAP,2010-01-14 16:24:00,2011-12-08 12:29:00,24,13787
SPACEBOY TV DINNER TRAY,2010-03-08 08:45:00,2011-12-09 10:26:00,22,949
SPOTTY PINK DUCK DOORSTOP,2009-12-02 14:36:00,2011-12-09 10:03:00,25,714
SQUARE FLOOR CUSHION VINTAGE RED,2010-01-12 17:15:00,2011-12-08 19:28:00,24,161
ST TROPEZ NECKLACE,2009-12-01 14:28:00,2011-12-08 09:20:00,23,79
STAR DECORATION RUSTIC,2009-12-01 11:45:00,2011-12-09 10:51:00,25,6279
STARFISH SOAP DISH,2009-12-06 10:51:00,2011-12-07 13:53:00,23,192
STARS GIFT TAPE ,2009-12-01 14:28:00,2011-12-07 17:05:00,25,2413
STRAWBERRIES  DESIGN FLANNEL ,2009-12-01 14:28:00,2011-12-09 10:03:00,24,1902
STRAWBERRY BATH SPONGE ,2009-12-01 12:13:00,2011-12-09 10:26:00,25,3613
STRAWBERRY CERAMIC TRINKET BOX,2009-12-01 07:45:00,2011-12-01 11:18:00,25,36682
STRAWBERRY CHARLOTTE BAG,2009-12-01 16:18:00,2011-12-09 10:23:00,25,18298
STRAWBERRY HONEYCOMB  GARLAND ,2009-12-03 10:26:00,2011-11-23 13:34:00,24,2159
STRAWBERRY LUNCH BOX WITH CUTLERY,2010-03-31 17:29:00,2011-12-09 10:13:00,22,6861
STRAWBERRY RAFFIA FOOD COVER,2009-12-01 13:29:00,2011-12-09 10:03:00,25,1415
STRAWBERRY SHOPPER BAG,2009-12-04 10:57:00,2011-12-09 10:26:00,25,6217
STRAWBRY SCENTED VOTIVE CANDLE,2009-12-08 13:08:00,2011-09-11 15:44:00,22,2445
STRIPES DESIGN TEDDY,2009-12-04 16:52:00,2011-11-27 16:27:00,23,172
STRIPEY CHOCOLATE NESTING BOXES,2009-12-03 16:12:00,2011-12-08 09:28:00,25,968
SUKI  SHOULDER BAG,2009-12-01 14:28:00,2011-12-09 10:26:00,25,7078
SUNSET COLOUR CHUNKY KNITTED THROW,2009-12-13 13:31:00,2011-12-05 11:01:00,25,150
SWALLOW SQUARE TISSUE BOX,2009-12-02 13:26:00,2011-12-08 13:50:00,25,2081
SWALLOWS GREETING CARD,2009-12-01 11:51:00,2011-12-08 19:57:00,24,12939
SWEET PUDDING STICKER SHEET,2009-12-01 14:28:00,2011-12-08 09:20:00,24,360
SWEETHEART CERAMIC TRINKET BOX,2009-12-01 10:59:00,2011-12-08 16:30:00,25,19444
SWEETHEART CREAM STEEL TABLE RECT,2009-12-13 10:48:00,2011-11-20 15:35:00,22,153
SWEETIES  STICKERS,2009-12-01 14:28:00,2011-11-17 14:26:00,24,1157
SWIRLY CIRCULAR RUBBERS IN BAG,2009-12-11 15:40:00,2011-12-08 09:39:00,23,1079
"SWISS ROLL TOWEL, CHOCOLATE  SPOTS",2009-12-01 17:08:00,2011-12-09 11:26:00,24,1402
T-LIGHT HOLDER HANGING LACE,2009-12-09 14:48:00,2011-12-09 08:39:00,25,2338
T-LIGHT HOLDER WHITE LACE,2009-12-02 10:51:00,2011-12-09 08:39:00,25,1403
TEA COSY BLUE STRIPE,2009-12-01 14:45:00,2011-12-09 10:26:00,25,657
TEA COSY RED  STRIPE,2009-12-02 13:06:00,2011-12-09 10:03:00,24,1318
TEA PARTY  WRAPPING PAPER ,2009-12-02 12:32:00,2011-12-08 10:24:00,25,6341
TEA PARTY BIRTHDAY CARD,2009-12-01 13:29:00,2011-12-09 10:03:00,25,11231
TEA TIME DES TEA COSY,2009-12-02 12:06:00,2011-12-08 19:28:00,25,1664
TEA TIME KITCHEN APRON,2009-12-10 16:21:00,2011-12-05 17:28:00,25,2189
TEA TIME OVEN GLOVE,2009-12-08 11:22:00,2011-12-09 10:03:00,25,5349
TEA TIME PARTY BUNTING,2009-12-01 11:17:00,2011-12-04 13:20:00,24,4420
TEA TIME TEAPOT IN GIFT BOX,2009-12-01 12:33:00,2011-12-09 12:20:00,25,874
TEATIME PEN CASE & PENS,2009-12-04 14:19:00,2011-11-28 11:26:00,22,5429
TEATIME ROUND PENCIL SHARPENER ,2009-12-07 18:02:00,2011-12-08 09:28:00,25,3462
TOADSTOOL MONEY BOX,2010-03-18 13:10:00,2011-12-08 16:30:00,22,1908
TOAST ITS - BEST MUM,2009-12-02 09:47:00,2011-12-01 11:18:00,24,2534
TOAST ITS - FAIRY FLOWER,2009-12-01 12:13:00,2011-12-09 10:03:00,25,1623
TOAST ITS - HAPPY BIRTHDAY,2009-12-02 14:55:00,2011-12-08 09:20:00,25,1146
TOAST ITS - I LOVE YOU ,2009-12-01 15:26:00,2011-12-09 11:34:00,24,3479
TOILET METAL SIGN,2009-12-01 16:34:00,2011-12-09 10:26:00,25,8436
TOMATO CHARLIE+LOLA COASTER SET,2009-12-01 09:24:00,2011-12-09 11:34:00,25,1208
TOOL BOX SOFT TOY ,2009-12-01 14:28:00,2011-12-08 19:57:00,25,400
TOXIC AREA  DOOR HANGER ,2009-12-01 10:49:00,2011-12-09 10:03:00,25,2323
TOY TIDY SPACEBOY  ,2010-01-22 16:28:00,2011-12-09 10:03:00,24,4953
TRADITIONAL CHRISTMAS RIBBONS,2009-12-01 11:45:00,2011-12-09 12:20:00,25,6785
TRADITIONAL MODELLING CLAY,2010-03-25 12:41:00,2011-12-09 10:03:00,22,15051
TRADITIONAL WOODEN CATCH CUP GAME ,2009-12-01 12:13:00,2011-12-09 10:03:00,25,7918
TRADITIONAL WOODEN SKIPPING ROPE,2009-12-01 12:55:00,2011-12-08 18:22:00,25,12186
TRIANGULAR POUFFE VINTAGE ,2009-12-02 12:06:00,2011-12-08 11:25:00,22,163
TROPICAL  HONEYCOMB PAPER GARLAND ,2009-12-01 14:55:00,2011-12-09 10:03:00,25,2744
TROPICAL LUGGAGE TAG,2009-12-01 11:51:00,2011-11-11 09:05:00,24,1879
TROPICAL PASSPORT COVER ,2009-12-01 11:51:00,2011-12-05 17:24:00,25,580
TURQ+RED BOUDICCA LARGE BRACELET,2009-12-22 14:31:00,2011-12-08 09:28:00,22,98
TURQUOISE GLASS TASSLE BAG CHARM ,2009-12-02 13:26:00,2011-12-07 13:38:00,22,150
TV DINNER TRAY DOLLY GIRL,2010-03-08 16:53:00,2011-12-08 15:54:00,22,1104
TV DINNER TRAY VINTAGE PAISLEY,2010-03-11 10:05:00,2011-12-08 15:54:00,22,833
UNION JACK FLAG LUGGAGE TAG,2009-12-01 11:51:00,2011-12-08 12:07:00,25,2202
UNION JACK FLAG PASSPORT COVER ,2009-12-01 11:21:00,2011-12-09 10:26:00,25,1925
URBAN BLACK RIBBONS ,2009-12-01 12:36:00,2011-12-09 10:03:00,25,2076
VANILLA INCENSE IN TIN,2009-12-01 12:13:00,2011-12-09 11:20:00,25,4086
VANILLA SCENT CANDLE JEWELLED BOX,2009-12-01 13:47:00,2011-11-30 14:46:00,24,1723
VICTORIAN  METAL POSTCARD SPRING,2009-12-02 12:13:00,2011-12-08 10:40:00,25,5752
VICTORIAN GLASS HANGING T-LIGHT,2009-12-01 10:06:00,2011-12-09 12:31:00,25,39738
VICTORIAN SEWING BOX LARGE,2009-12-01 11:21:00,2011-12-09 12:09:00,23,1558
VICTORIAN SEWING BOX MEDIUM,2009-12-01 14:19:00,2011-12-09 12:09:00,25,1569
VICTORIAN SEWING BOX SMALL ,2009-12-01 14:28:00,2011-12-09 10:03:00,25,2386
VICTORIAN SEWING KIT,2009-12-01 09:46:00,2011-12-09 10:03:00,25,5327
VINTAGE BILLBOARD DRINK ME MUG,2009-12-01 12:13:00,2011-10-31 14:41:00,23,4463
VINTAGE BILLBOARD LOVE/HATE MUG,2009-12-01 12:13:00,2011-12-08 16:30:00,25,4309
VINTAGE BILLBOARD MUG ,2009-12-01 13:29:00,2011-12-08 16:30:00,25,2033
VINTAGE CARAVAN GREETING CARD ,2009-12-01 13:29:00,2011-10-31 14:41:00,23,4060
VINTAGE CREAM 3 BASKET CAKE STAND,2009-12-01 10:52:00,2011-12-09 08:48:00,23,1719
VINTAGE HEADS AND TAILS CARD GAME ,2009-12-01 11:21:00,2011-12-09 10:03:00,25,17508
VINTAGE KEEPSAKE BOX TRAVELOGUE,2009-12-01 14:28:00,2011-10-23 13:49:00,22,188
VINTAGE KID DOLLY CARD ,2009-12-01 13:29:00,2011-12-09 10:03:00,25,6790
VINTAGE PAISLEY STATIONERY SET,2009-12-02 11:53:00,2011-11-15 14:48:00,24,3431
VINTAGE RED MUG,2009-12-01 13:29:00,2011-12-01 11:53:00,25,2269
VINTAGE RED TEATIME MUG,2009-12-01 12:32:00,2011-10-04 13:25:00,23,4764
VINTAGE ROSE BEAD BRACELET BLACK,2009-12-07 17:56:00,2011-12-04 12:32:00,23,106
VINTAGE ROSE BEAD BRACELET RASPBERR,2009-12-14 17:16:00,2011-12-09 10:03:00,24,146
VINTAGE SEASIDE JIGSAW PUZZLES,2009-12-01 11:34:00,2011-12-08 09:28:00,25,1153
VINTAGE SHELLS PRINT,2009-12-10 20:16:00,2011-12-01 16:22:00,24,138
VINTAGE SNAKES & LADDERS,2009-12-01 09:08:00,2011-12-09 10:26:00,25,3724
VINTAGE SNAP CARDS,2009-12-01 09:46:00,2011-12-09 12:20:00,25,27739
VINTAGE UNION JACK APRON,2009-12-01 13:29:00,2011-12-07 15:07:00,25,1016
VINTAGE UNION JACK BUNTING,2009-12-01 12:47:00,2011-12-06 13:20:00,25,6881
VINTAGE UNION JACK CUSHION COVER,2009-12-01 12:47:00,2011-12-07 14:12:00,25,3701
VINTAGE UNION JACK DOORSTOP,2009-12-01 12:47:00,2011-12-08 16:30:00,25,1759
VINTAGE UNION JACK MEMOBOARD,2010-01-24 12:28:00,2011-12-08 13:18:00,24,7144
VINTAGE UNION JACK PENNANT,2009-12-01 14:28:00,2011-11-21 16:24:00,24,1455
VINYL RECORD FRAME SILVER,2009-12-01 09:50:00,2011-11-21 11:29:00,24,2705
WALL TIDY RETROSPOT ,2010-01-25 15:07:00,2011-12-09 10:26:00,24,3768
WASH BAG VINTAGE ROSE PAISLEY,2009-12-01 11:37:00,2011-12-08 13:50:00,25,1939
WASHROOM METAL SIGN,2009-12-02 12:06:00,2011-12-09 10:26:00,25,7039
WATERING CAN BLUE ELEPHANT,2010-02-22 10:24:00,2011-12-08 18:15:00,23,3388
WATERING CAN GARDEN MARKER,2010-03-05 10:37:00,2011-12-08 16:30:00,22,2442
WATERING CAN GREEN DINOSAUR,2010-02-18 18:33:00,2011-12-08 18:15:00,23,2797
WATERING CAN PINK BUNNY,2010-02-18 15:19:00,2011-12-08 18:15:00,23,3547
WHEELBARROW FOR CHILDREN ,2010-03-26 13:05:00,2011-12-09 10:26:00,22,534
WHITE BAMBOO RIBS LAMPSHADE,2009-12-18 11:18:00,2011-11-13 11:15:00,24,3417
WHITE BELL HONEYCOMB PAPER ,2009-12-01 14:44:00,2011-11-27 13:26:00,23,2189
WHITE GLASS CHUNKY CHARM BRACELET,2009-12-01 10:59:00,2011-12-09 10:03:00,23,100
WHITE HANGING BEADS CANDLE HOLDER,2009-12-02 14:21:00,2011-11-28 11:00:00,23,716
WHITE HANGING HEART T-LIGHT HOLDER,2009-12-01 09:46:00,2011-12-08 19:55:00,25,93045
WHITE HEART CONFETTI IN TUBE,2009-12-01 14:28:00,2011-12-07 11:42:00,25,1208
WHITE HONEYCOMB PAPER GARLAND ,2009-12-01 14:47:00,2011-12-08 16:30:00,25,814
WHITE JEWELLED HEART DECORATION,2009-12-01 12:30:00,2011-12-08 14:38:00,25,6415
WHITE LOVEBIRD LANTERN,2009-12-01 14:28:00,2011-12-09 10:03:00,25,2382
WHITE METAL LANTERN,2009-12-01 14:43:00,2011-11-17 08:49:00,24,4855
WHITE SAGE INCENSE,2009-12-10 12:10:00,2011-12-08 19:24:00,25,2445
WHITE SOAP RACK WITH 2 BOTTLES,2009-12-07 17:56:00,2011-12-07 17:05:00,25,281
WHITE SPOT BLUE CERAMIC DRAWER KNOB,2009-12-01 10:49:00,2011-12-09 11:34:00,25,10173
WHITE SPOT RED CERAMIC DRAWER KNOB,2009-12-01 10:49:00,2011-12-09 10:23:00,25,11148
WHITE TALL PORCELAIN T-LIGHT HOLDER,2009-12-01 09:57:00,2011-12-08 16:30:00,25,1526
"WHITE TEA,COFFEE,SUGAR JARS",2009-12-02 14:36:00,2011-12-01 08:41:00,24,621
WHITE TRAVEL ALARM CLOCK,2009-12-03 14:39:00,2011-11-21 10:35:00,24,608
WHITE WIRE EGG HOLDER,2009-12-03 18:13:00,2011-12-07 16:56:00,25,1794
WHITE WOOD GARDEN PLANT LADDER,2010-03-05 16:02:00,2011-12-08 12:28:00,22,1576
WOOD 2 DRAWER CABINET WHITE FINISH,2009-12-01 10:49:00,2011-12-08 12:10:00,25,4816
WOOD BLACK BOARD ANT WHITE FINISH,2009-12-08 11:10:00,2011-12-09 10:03:00,24,11005
WOOD S/3 CABINET ANT WHITE FINISH,2009-12-01 10:49:00,2011-10-10 13:30:00,22,4092
WOOD STAMP SET BEST WISHES,2009-12-02 14:21:00,2011-12-08 13:50:00,25,1603
WOOD STAMP SET FLOWERS,2009-12-01 14:14:00,2011-12-08 13:50:00,25,1489
WOOD STAMP SET HAPPY BIRTHDAY,2009-12-03 07:25:00,2011-12-09 10:03:00,25,1406
WOOD STAMP SET THANK YOU,2009-12-01 14:28:00,2011-12-08 19:57:00,25,2380
WOODEN BOX OF DOMINOES,2009-12-01 11:45:00,2011-12-09 10:03:00,25,13076
WOODEN FRAME ANTIQUE WHITE ,2009-12-01 10:49:00,2011-12-08 19:55:00,25,15558
WOODEN HAPPY BIRTHDAY GARLAND,2009-12-03 11:51:00,2011-12-02 10:22:00,25,4475
WOODEN PICTURE FRAME WHITE FINISH,2009-12-01 12:47:00,2011-12-09 10:26:00,24,16738
WOODEN REGATTA BUNTING,2010-02-03 13:09:00,2011-12-09 10:26:00,23,1141
WOODEN SCHOOL COLOURING SET,2010-03-25 11:28:00,2011-12-09 11:34:00,22,11356
WOODEN UNION JACK BUNTING,2010-02-02 12:03:00,2011-12-07 10:35:00,23,3590
WOODLAND  HEIGHT CHART STICKERS ,2009-12-01 14:28:00,2011-12-08 09:20:00,25,1664
WOODLAND  STICKERS,2009-12-01 12:13:00,2011-12-09 10:03:00,25,2909
WOODLAND CHARLOTTE BAG,2009-12-01 11:21:00,2011-12-09 10:23:00,25,24810
WOODLAND DESIGN  COTTON TOTE BAG,2009-12-01 12:13:00,2011-12-05 11:48:00,25,2214
WOODLAND PARTY BAG + STICKER SET,2009-12-02 12:32:00,2011-12-09 11:59:00,25,3703
WOODLAND STORAGE BOX LARGE ,2009-12-01 12:52:00,2011-10-25 17:31:00,23,896
WOODLAND STORAGE BOX SMALL,2009-12-01 12:52:00,2011-12-05 11:48:00,25,925
WORLD WAR 2 GLIDERS ASSTD DESIGNS,2009-12-01 12:57:00,2011-12-09 10:03:00,25,108434
WOVEN BERRIES CUSHION COVER ,2009-12-03 19:23:00,2011-12-09 10:03:00,25,433
WOVEN BUBBLE GUM CUSHION COVER,2009-12-04 09:43:00,2011-12-09 10:03:00,25,413
WOVEN CANDY CUSHION COVER ,2010-01-04 13:03:00,2011-12-09 10:03:00,23,208
WOVEN ROSE GARDEN CUSHION COVER ,2009-12-03 13:32:00,2011-12-09 10:03:00,25,494
WOVEN SUNSET CUSHION COVER ,2009-12-04 15:30:00,2011-12-09 10:03:00,23,152
WRAP ENGLISH ROSE ,2009-12-01 09:28:00,2011-12-07 11:43:00,24,13273
WRAP PINK FAIRY CAKES ,2009-12-01 18:35:00,2011-12-08 12:29:00,25,16615
YOU'RE CONFUSING ME METAL SIGN ,2009-12-08 15:49:00,2011-12-09 12:00:00,24,8908
ZINC FOLKART SLEIGH BELLS,2010-01-19 12:13:00,2011-12-09 10:26:00,22,8373
ZINC HEART LATTICE T-LIGHT HOLDER,2009-12-14 18:03:00,2011-12-07 09:22:00,25,1471
ZINC METAL HEART DECORATION,2009-12-01 11:41:00,2011-12-08 14:38:00,25,20149
ZINC WILLIE WINKIE  CANDLE STICK,2009-12-01 11:50:00,2011-12-09 12:31:00,25,6876
